[2025-05-19T13:54:22.780+0000] {processor.py:156} INFO - Started process (PID=184) to work on /opt/airflow/dags/copy_db_dag.py
[2025-05-19T13:54:22.781+0000] {processor.py:758} INFO - Processing file /opt/airflow/dags/copy_db_dag.py for tasks to queue
[2025-05-19T13:54:22.782+0000] {logging_mixin.py:117} INFO - [2025-05-19T13:54:22.782+0000] {dagbag.py:525} INFO - Filling up the DagBag from /opt/airflow/dags/copy_db_dag.py
[2025-05-19T13:54:22.791+0000] {logging_mixin.py:117} INFO - [2025-05-19T13:54:22.790+0000] {dagbag.py:330} ERROR - Failed to import: /opt/airflow/dags/copy_db_dag.py
Traceback (most recent call last):
  File "/home/airflow/.local/lib/python3.7/site-packages/airflow/models/dagbag.py", line 326, in parse
    loader.exec_module(new_module)
  File "<frozen importlib._bootstrap_external>", line 728, in exec_module
  File "<frozen importlib._bootstrap>", line 219, in _call_with_frames_removed
  File "/opt/airflow/dags/copy_db_dag.py", line 2, in <module>
    from airflow.providers.standard.operators.python import PythonOperator
ModuleNotFoundError: No module named 'airflow.providers.standard'
[2025-05-19T13:54:22.792+0000] {processor.py:770} WARNING - No viable dags retrieved from /opt/airflow/dags/copy_db_dag.py
[2025-05-19T13:54:22.824+0000] {processor.py:178} INFO - Processing /opt/airflow/dags/copy_db_dag.py took 0.049 seconds
[2025-05-19T13:54:53.525+0000] {processor.py:156} INFO - Started process (PID=222) to work on /opt/airflow/dags/copy_db_dag.py
[2025-05-19T13:54:53.529+0000] {processor.py:758} INFO - Processing file /opt/airflow/dags/copy_db_dag.py for tasks to queue
[2025-05-19T13:54:53.530+0000] {logging_mixin.py:117} INFO - [2025-05-19T13:54:53.530+0000] {dagbag.py:525} INFO - Filling up the DagBag from /opt/airflow/dags/copy_db_dag.py
[2025-05-19T13:54:53.533+0000] {logging_mixin.py:117} INFO - [2025-05-19T13:54:53.532+0000] {dagbag.py:330} ERROR - Failed to import: /opt/airflow/dags/copy_db_dag.py
Traceback (most recent call last):
  File "/home/airflow/.local/lib/python3.7/site-packages/airflow/models/dagbag.py", line 326, in parse
    loader.exec_module(new_module)
  File "<frozen importlib._bootstrap_external>", line 728, in exec_module
  File "<frozen importlib._bootstrap>", line 219, in _call_with_frames_removed
  File "/opt/airflow/dags/copy_db_dag.py", line 2, in <module>
    from airflow.providers.standard.operators.python import PythonOperator
ModuleNotFoundError: No module named 'airflow.providers.standard'
[2025-05-19T13:54:53.533+0000] {processor.py:770} WARNING - No viable dags retrieved from /opt/airflow/dags/copy_db_dag.py
[2025-05-19T13:54:53.557+0000] {processor.py:178} INFO - Processing /opt/airflow/dags/copy_db_dag.py took 0.035 seconds
[2025-05-19T13:55:24.399+0000] {processor.py:156} INFO - Started process (PID=259) to work on /opt/airflow/dags/copy_db_dag.py
[2025-05-19T13:55:24.400+0000] {processor.py:758} INFO - Processing file /opt/airflow/dags/copy_db_dag.py for tasks to queue
[2025-05-19T13:55:24.400+0000] {logging_mixin.py:117} INFO - [2025-05-19T13:55:24.400+0000] {dagbag.py:525} INFO - Filling up the DagBag from /opt/airflow/dags/copy_db_dag.py
[2025-05-19T13:55:24.403+0000] {logging_mixin.py:117} INFO - [2025-05-19T13:55:24.402+0000] {dagbag.py:330} ERROR - Failed to import: /opt/airflow/dags/copy_db_dag.py
Traceback (most recent call last):
  File "/home/airflow/.local/lib/python3.7/site-packages/airflow/models/dagbag.py", line 326, in parse
    loader.exec_module(new_module)
  File "<frozen importlib._bootstrap_external>", line 728, in exec_module
  File "<frozen importlib._bootstrap>", line 219, in _call_with_frames_removed
  File "/opt/airflow/dags/copy_db_dag.py", line 2, in <module>
    from airflow.providers.standard.operators.python import PythonOperator
ModuleNotFoundError: No module named 'airflow.providers.standard'
[2025-05-19T13:55:24.404+0000] {processor.py:770} WARNING - No viable dags retrieved from /opt/airflow/dags/copy_db_dag.py
[2025-05-19T13:55:24.427+0000] {processor.py:178} INFO - Processing /opt/airflow/dags/copy_db_dag.py took 0.030 seconds
[2025-05-19T13:55:55.230+0000] {processor.py:156} INFO - Started process (PID=296) to work on /opt/airflow/dags/copy_db_dag.py
[2025-05-19T13:55:55.232+0000] {processor.py:758} INFO - Processing file /opt/airflow/dags/copy_db_dag.py for tasks to queue
[2025-05-19T13:55:55.232+0000] {logging_mixin.py:117} INFO - [2025-05-19T13:55:55.232+0000] {dagbag.py:525} INFO - Filling up the DagBag from /opt/airflow/dags/copy_db_dag.py
[2025-05-19T13:55:55.235+0000] {logging_mixin.py:117} INFO - [2025-05-19T13:55:55.234+0000] {dagbag.py:330} ERROR - Failed to import: /opt/airflow/dags/copy_db_dag.py
Traceback (most recent call last):
  File "/home/airflow/.local/lib/python3.7/site-packages/airflow/models/dagbag.py", line 326, in parse
    loader.exec_module(new_module)
  File "<frozen importlib._bootstrap_external>", line 728, in exec_module
  File "<frozen importlib._bootstrap>", line 219, in _call_with_frames_removed
  File "/opt/airflow/dags/copy_db_dag.py", line 2, in <module>
    from airflow.providers.standard.operators.python import PythonOperator
ModuleNotFoundError: No module named 'airflow.providers.standard'
[2025-05-19T13:55:55.236+0000] {processor.py:770} WARNING - No viable dags retrieved from /opt/airflow/dags/copy_db_dag.py
[2025-05-19T13:55:55.264+0000] {processor.py:178} INFO - Processing /opt/airflow/dags/copy_db_dag.py took 0.036 seconds
[2025-05-19T13:56:26.320+0000] {processor.py:156} INFO - Started process (PID=333) to work on /opt/airflow/dags/copy_db_dag.py
[2025-05-19T13:56:26.322+0000] {processor.py:758} INFO - Processing file /opt/airflow/dags/copy_db_dag.py for tasks to queue
[2025-05-19T13:56:26.322+0000] {logging_mixin.py:117} INFO - [2025-05-19T13:56:26.322+0000] {dagbag.py:525} INFO - Filling up the DagBag from /opt/airflow/dags/copy_db_dag.py
[2025-05-19T13:56:26.325+0000] {logging_mixin.py:117} INFO - [2025-05-19T13:56:26.324+0000] {dagbag.py:330} ERROR - Failed to import: /opt/airflow/dags/copy_db_dag.py
Traceback (most recent call last):
  File "/home/airflow/.local/lib/python3.7/site-packages/airflow/models/dagbag.py", line 326, in parse
    loader.exec_module(new_module)
  File "<frozen importlib._bootstrap_external>", line 728, in exec_module
  File "<frozen importlib._bootstrap>", line 219, in _call_with_frames_removed
  File "/opt/airflow/dags/copy_db_dag.py", line 2, in <module>
    from airflow.providers.standard.operators.python import PythonOperator
ModuleNotFoundError: No module named 'airflow.providers.standard'
[2025-05-19T13:56:26.325+0000] {processor.py:770} WARNING - No viable dags retrieved from /opt/airflow/dags/copy_db_dag.py
[2025-05-19T13:56:26.345+0000] {processor.py:178} INFO - Processing /opt/airflow/dags/copy_db_dag.py took 0.029 seconds
[2025-05-19T13:56:57.113+0000] {processor.py:156} INFO - Started process (PID=370) to work on /opt/airflow/dags/copy_db_dag.py
[2025-05-19T13:56:57.114+0000] {processor.py:758} INFO - Processing file /opt/airflow/dags/copy_db_dag.py for tasks to queue
[2025-05-19T13:56:57.115+0000] {logging_mixin.py:117} INFO - [2025-05-19T13:56:57.115+0000] {dagbag.py:525} INFO - Filling up the DagBag from /opt/airflow/dags/copy_db_dag.py
[2025-05-19T13:56:57.118+0000] {logging_mixin.py:117} INFO - [2025-05-19T13:56:57.117+0000] {dagbag.py:330} ERROR - Failed to import: /opt/airflow/dags/copy_db_dag.py
Traceback (most recent call last):
  File "/home/airflow/.local/lib/python3.7/site-packages/airflow/models/dagbag.py", line 326, in parse
    loader.exec_module(new_module)
  File "<frozen importlib._bootstrap_external>", line 728, in exec_module
  File "<frozen importlib._bootstrap>", line 219, in _call_with_frames_removed
  File "/opt/airflow/dags/copy_db_dag.py", line 2, in <module>
    from airflow.providers.standard.operators.python import PythonOperator
ModuleNotFoundError: No module named 'airflow.providers.standard'
[2025-05-19T13:56:57.118+0000] {processor.py:770} WARNING - No viable dags retrieved from /opt/airflow/dags/copy_db_dag.py
[2025-05-19T13:56:57.132+0000] {processor.py:178} INFO - Processing /opt/airflow/dags/copy_db_dag.py took 0.023 seconds
[2025-05-19T13:57:27.170+0000] {processor.py:156} INFO - Started process (PID=407) to work on /opt/airflow/dags/copy_db_dag.py
[2025-05-19T13:57:27.172+0000] {processor.py:758} INFO - Processing file /opt/airflow/dags/copy_db_dag.py for tasks to queue
[2025-05-19T13:57:27.172+0000] {logging_mixin.py:117} INFO - [2025-05-19T13:57:27.172+0000] {dagbag.py:525} INFO - Filling up the DagBag from /opt/airflow/dags/copy_db_dag.py
[2025-05-19T13:57:27.175+0000] {logging_mixin.py:117} INFO - [2025-05-19T13:57:27.174+0000] {dagbag.py:330} ERROR - Failed to import: /opt/airflow/dags/copy_db_dag.py
Traceback (most recent call last):
  File "/home/airflow/.local/lib/python3.7/site-packages/airflow/models/dagbag.py", line 326, in parse
    loader.exec_module(new_module)
  File "<frozen importlib._bootstrap_external>", line 728, in exec_module
  File "<frozen importlib._bootstrap>", line 219, in _call_with_frames_removed
  File "/opt/airflow/dags/copy_db_dag.py", line 2, in <module>
    from airflow.providers.standard.operators.python import PythonOperator
ModuleNotFoundError: No module named 'airflow.providers.standard'
[2025-05-19T13:57:27.175+0000] {processor.py:770} WARNING - No viable dags retrieved from /opt/airflow/dags/copy_db_dag.py
[2025-05-19T13:57:27.194+0000] {processor.py:178} INFO - Processing /opt/airflow/dags/copy_db_dag.py took 0.027 seconds
[2025-05-19T13:57:37.715+0000] {processor.py:156} INFO - Started process (PID=426) to work on /opt/airflow/dags/copy_db_dag.py
[2025-05-19T13:57:37.717+0000] {processor.py:758} INFO - Processing file /opt/airflow/dags/copy_db_dag.py for tasks to queue
[2025-05-19T13:57:37.718+0000] {logging_mixin.py:117} INFO - [2025-05-19T13:57:37.718+0000] {dagbag.py:525} INFO - Filling up the DagBag from /opt/airflow/dags/copy_db_dag.py
[2025-05-19T13:57:37.739+0000] {logging_mixin.py:117} INFO - [2025-05-19T13:57:37.738+0000] {dagbag.py:330} ERROR - Failed to import: /opt/airflow/dags/copy_db_dag.py
Traceback (most recent call last):
  File "/home/airflow/.local/lib/python3.7/site-packages/airflow/models/dagbag.py", line 326, in parse
    loader.exec_module(new_module)
  File "<frozen importlib._bootstrap_external>", line 728, in exec_module
  File "<frozen importlib._bootstrap>", line 219, in _call_with_frames_removed
  File "/opt/airflow/dags/copy_db_dag.py", line 8, in <module>
    from ddp_airflow.src.copy_file import perform_copy_data
ModuleNotFoundError: No module named 'ddp_airflow'
[2025-05-19T13:57:37.739+0000] {processor.py:770} WARNING - No viable dags retrieved from /opt/airflow/dags/copy_db_dag.py
[2025-05-19T13:57:37.759+0000] {processor.py:178} INFO - Processing /opt/airflow/dags/copy_db_dag.py took 0.048 seconds
[2025-05-19T13:58:07.850+0000] {processor.py:156} INFO - Started process (PID=463) to work on /opt/airflow/dags/copy_db_dag.py
[2025-05-19T13:58:07.857+0000] {processor.py:758} INFO - Processing file /opt/airflow/dags/copy_db_dag.py for tasks to queue
[2025-05-19T13:58:07.858+0000] {logging_mixin.py:117} INFO - [2025-05-19T13:58:07.858+0000] {dagbag.py:525} INFO - Filling up the DagBag from /opt/airflow/dags/copy_db_dag.py
[2025-05-19T13:58:07.864+0000] {logging_mixin.py:117} INFO - [2025-05-19T13:58:07.863+0000] {dagbag.py:330} ERROR - Failed to import: /opt/airflow/dags/copy_db_dag.py
Traceback (most recent call last):
  File "/home/airflow/.local/lib/python3.7/site-packages/airflow/models/dagbag.py", line 326, in parse
    loader.exec_module(new_module)
  File "<frozen importlib._bootstrap_external>", line 728, in exec_module
  File "<frozen importlib._bootstrap>", line 219, in _call_with_frames_removed
  File "/opt/airflow/dags/copy_db_dag.py", line 8, in <module>
    from ddp_airflow.src.copy_file import perform_copy_data
ModuleNotFoundError: No module named 'ddp_airflow'
[2025-05-19T13:58:07.864+0000] {processor.py:770} WARNING - No viable dags retrieved from /opt/airflow/dags/copy_db_dag.py
[2025-05-19T13:58:07.901+0000] {processor.py:178} INFO - Processing /opt/airflow/dags/copy_db_dag.py took 0.054 seconds
[2025-05-19T13:58:38.738+0000] {processor.py:156} INFO - Started process (PID=501) to work on /opt/airflow/dags/copy_db_dag.py
[2025-05-19T13:58:38.740+0000] {processor.py:758} INFO - Processing file /opt/airflow/dags/copy_db_dag.py for tasks to queue
[2025-05-19T13:58:38.740+0000] {logging_mixin.py:117} INFO - [2025-05-19T13:58:38.740+0000] {dagbag.py:525} INFO - Filling up the DagBag from /opt/airflow/dags/copy_db_dag.py
[2025-05-19T13:58:38.745+0000] {logging_mixin.py:117} INFO - [2025-05-19T13:58:38.744+0000] {dagbag.py:330} ERROR - Failed to import: /opt/airflow/dags/copy_db_dag.py
Traceback (most recent call last):
  File "/home/airflow/.local/lib/python3.7/site-packages/airflow/models/dagbag.py", line 326, in parse
    loader.exec_module(new_module)
  File "<frozen importlib._bootstrap_external>", line 728, in exec_module
  File "<frozen importlib._bootstrap>", line 219, in _call_with_frames_removed
  File "/opt/airflow/dags/copy_db_dag.py", line 8, in <module>
    from ddp_airflow.src.copy_file import perform_copy_data
ModuleNotFoundError: No module named 'ddp_airflow'
[2025-05-19T13:58:38.745+0000] {processor.py:770} WARNING - No viable dags retrieved from /opt/airflow/dags/copy_db_dag.py
[2025-05-19T13:58:38.760+0000] {processor.py:178} INFO - Processing /opt/airflow/dags/copy_db_dag.py took 0.024 seconds
[2025-05-19T13:59:09.029+0000] {processor.py:156} INFO - Started process (PID=529) to work on /opt/airflow/dags/copy_db_dag.py
[2025-05-19T13:59:09.033+0000] {processor.py:758} INFO - Processing file /opt/airflow/dags/copy_db_dag.py for tasks to queue
[2025-05-19T13:59:09.034+0000] {logging_mixin.py:117} INFO - [2025-05-19T13:59:09.034+0000] {dagbag.py:525} INFO - Filling up the DagBag from /opt/airflow/dags/copy_db_dag.py
[2025-05-19T13:59:09.238+0000] {logging_mixin.py:117} INFO - [2025-05-19T13:59:09.237+0000] {dagbag.py:330} ERROR - Failed to import: /opt/airflow/dags/copy_db_dag.py
Traceback (most recent call last):
  File "/home/airflow/.local/lib/python3.7/site-packages/airflow/models/dagbag.py", line 326, in parse
    loader.exec_module(new_module)
  File "<frozen importlib._bootstrap_external>", line 728, in exec_module
  File "<frozen importlib._bootstrap>", line 219, in _call_with_frames_removed
  File "/opt/airflow/dags/copy_db_dag.py", line 8, in <module>
    from ddp_airflow.src.copy_file import perform_copy_data
ModuleNotFoundError: No module named 'ddp_airflow'
[2025-05-19T13:59:09.238+0000] {processor.py:770} WARNING - No viable dags retrieved from /opt/airflow/dags/copy_db_dag.py
[2025-05-19T13:59:09.256+0000] {processor.py:178} INFO - Processing /opt/airflow/dags/copy_db_dag.py took 0.229 seconds
[2025-05-19T13:59:40.259+0000] {processor.py:156} INFO - Started process (PID=566) to work on /opt/airflow/dags/copy_db_dag.py
[2025-05-19T13:59:40.260+0000] {processor.py:758} INFO - Processing file /opt/airflow/dags/copy_db_dag.py for tasks to queue
[2025-05-19T13:59:40.261+0000] {logging_mixin.py:117} INFO - [2025-05-19T13:59:40.261+0000] {dagbag.py:525} INFO - Filling up the DagBag from /opt/airflow/dags/copy_db_dag.py
[2025-05-19T13:59:40.265+0000] {logging_mixin.py:117} INFO - [2025-05-19T13:59:40.264+0000] {dagbag.py:330} ERROR - Failed to import: /opt/airflow/dags/copy_db_dag.py
Traceback (most recent call last):
  File "/home/airflow/.local/lib/python3.7/site-packages/airflow/models/dagbag.py", line 326, in parse
    loader.exec_module(new_module)
  File "<frozen importlib._bootstrap_external>", line 728, in exec_module
  File "<frozen importlib._bootstrap>", line 219, in _call_with_frames_removed
  File "/opt/airflow/dags/copy_db_dag.py", line 8, in <module>
    from ddp_airflow.src.copy_file import perform_copy_data
ModuleNotFoundError: No module named 'ddp_airflow'
[2025-05-19T13:59:40.265+0000] {processor.py:770} WARNING - No viable dags retrieved from /opt/airflow/dags/copy_db_dag.py
[2025-05-19T13:59:40.289+0000] {processor.py:178} INFO - Processing /opt/airflow/dags/copy_db_dag.py took 0.032 seconds
[2025-05-19T14:00:10.439+0000] {processor.py:156} INFO - Started process (PID=603) to work on /opt/airflow/dags/copy_db_dag.py
[2025-05-19T14:00:10.439+0000] {processor.py:758} INFO - Processing file /opt/airflow/dags/copy_db_dag.py for tasks to queue
[2025-05-19T14:00:10.440+0000] {logging_mixin.py:117} INFO - [2025-05-19T14:00:10.439+0000] {dagbag.py:525} INFO - Filling up the DagBag from /opt/airflow/dags/copy_db_dag.py
[2025-05-19T14:00:10.445+0000] {logging_mixin.py:117} INFO - [2025-05-19T14:00:10.445+0000] {dagbag.py:330} ERROR - Failed to import: /opt/airflow/dags/copy_db_dag.py
Traceback (most recent call last):
  File "/home/airflow/.local/lib/python3.7/site-packages/airflow/models/dagbag.py", line 326, in parse
    loader.exec_module(new_module)
  File "<frozen importlib._bootstrap_external>", line 728, in exec_module
  File "<frozen importlib._bootstrap>", line 219, in _call_with_frames_removed
  File "/opt/airflow/dags/copy_db_dag.py", line 8, in <module>
    from ddp_airflow.src.copy_file import perform_copy_data
ModuleNotFoundError: No module named 'ddp_airflow'
[2025-05-19T14:00:10.446+0000] {processor.py:770} WARNING - No viable dags retrieved from /opt/airflow/dags/copy_db_dag.py
[2025-05-19T14:00:10.464+0000] {processor.py:178} INFO - Processing /opt/airflow/dags/copy_db_dag.py took 0.028 seconds
[2025-05-19T14:00:41.335+0000] {processor.py:156} INFO - Started process (PID=640) to work on /opt/airflow/dags/copy_db_dag.py
[2025-05-19T14:00:41.336+0000] {processor.py:758} INFO - Processing file /opt/airflow/dags/copy_db_dag.py for tasks to queue
[2025-05-19T14:00:41.337+0000] {logging_mixin.py:117} INFO - [2025-05-19T14:00:41.337+0000] {dagbag.py:525} INFO - Filling up the DagBag from /opt/airflow/dags/copy_db_dag.py
[2025-05-19T14:00:41.344+0000] {logging_mixin.py:117} INFO - [2025-05-19T14:00:41.342+0000] {dagbag.py:330} ERROR - Failed to import: /opt/airflow/dags/copy_db_dag.py
Traceback (most recent call last):
  File "/home/airflow/.local/lib/python3.7/site-packages/airflow/models/dagbag.py", line 326, in parse
    loader.exec_module(new_module)
  File "<frozen importlib._bootstrap_external>", line 728, in exec_module
  File "<frozen importlib._bootstrap>", line 219, in _call_with_frames_removed
  File "/opt/airflow/dags/copy_db_dag.py", line 8, in <module>
    from ddp_airflow.src.copy_file import perform_copy_data
ModuleNotFoundError: No module named 'ddp_airflow'
[2025-05-19T14:00:41.344+0000] {processor.py:770} WARNING - No viable dags retrieved from /opt/airflow/dags/copy_db_dag.py
[2025-05-19T14:00:41.364+0000] {processor.py:178} INFO - Processing /opt/airflow/dags/copy_db_dag.py took 0.032 seconds
[2025-05-19T14:01:12.420+0000] {processor.py:156} INFO - Started process (PID=677) to work on /opt/airflow/dags/copy_db_dag.py
[2025-05-19T14:01:12.422+0000] {processor.py:758} INFO - Processing file /opt/airflow/dags/copy_db_dag.py for tasks to queue
[2025-05-19T14:01:12.423+0000] {logging_mixin.py:117} INFO - [2025-05-19T14:01:12.423+0000] {dagbag.py:525} INFO - Filling up the DagBag from /opt/airflow/dags/copy_db_dag.py
[2025-05-19T14:01:12.430+0000] {logging_mixin.py:117} INFO - [2025-05-19T14:01:12.430+0000] {dagbag.py:330} ERROR - Failed to import: /opt/airflow/dags/copy_db_dag.py
Traceback (most recent call last):
  File "/home/airflow/.local/lib/python3.7/site-packages/airflow/models/dagbag.py", line 326, in parse
    loader.exec_module(new_module)
  File "<frozen importlib._bootstrap_external>", line 728, in exec_module
  File "<frozen importlib._bootstrap>", line 219, in _call_with_frames_removed
  File "/opt/airflow/dags/copy_db_dag.py", line 8, in <module>
    from ddp_airflow.src.copy_file import perform_copy_data
ModuleNotFoundError: No module named 'ddp_airflow'
[2025-05-19T14:01:12.431+0000] {processor.py:770} WARNING - No viable dags retrieved from /opt/airflow/dags/copy_db_dag.py
[2025-05-19T14:01:12.454+0000] {processor.py:178} INFO - Processing /opt/airflow/dags/copy_db_dag.py took 0.038 seconds
[2025-05-19T14:01:43.199+0000] {processor.py:156} INFO - Started process (PID=714) to work on /opt/airflow/dags/copy_db_dag.py
[2025-05-19T14:01:43.200+0000] {processor.py:758} INFO - Processing file /opt/airflow/dags/copy_db_dag.py for tasks to queue
[2025-05-19T14:01:43.201+0000] {logging_mixin.py:117} INFO - [2025-05-19T14:01:43.200+0000] {dagbag.py:525} INFO - Filling up the DagBag from /opt/airflow/dags/copy_db_dag.py
[2025-05-19T14:01:43.206+0000] {logging_mixin.py:117} INFO - [2025-05-19T14:01:43.205+0000] {dagbag.py:330} ERROR - Failed to import: /opt/airflow/dags/copy_db_dag.py
Traceback (most recent call last):
  File "/home/airflow/.local/lib/python3.7/site-packages/airflow/models/dagbag.py", line 326, in parse
    loader.exec_module(new_module)
  File "<frozen importlib._bootstrap_external>", line 728, in exec_module
  File "<frozen importlib._bootstrap>", line 219, in _call_with_frames_removed
  File "/opt/airflow/dags/copy_db_dag.py", line 8, in <module>
    from ddp_airflow.src.copy_file import perform_copy_data
ModuleNotFoundError: No module named 'ddp_airflow'
[2025-05-19T14:01:43.206+0000] {processor.py:770} WARNING - No viable dags retrieved from /opt/airflow/dags/copy_db_dag.py
[2025-05-19T14:01:43.223+0000] {processor.py:178} INFO - Processing /opt/airflow/dags/copy_db_dag.py took 0.026 seconds
[2025-05-19T14:02:13.305+0000] {processor.py:156} INFO - Started process (PID=750) to work on /opt/airflow/dags/copy_db_dag.py
[2025-05-19T14:02:13.312+0000] {processor.py:758} INFO - Processing file /opt/airflow/dags/copy_db_dag.py for tasks to queue
[2025-05-19T14:02:13.313+0000] {logging_mixin.py:117} INFO - [2025-05-19T14:02:13.312+0000] {dagbag.py:525} INFO - Filling up the DagBag from /opt/airflow/dags/copy_db_dag.py
[2025-05-19T14:02:13.319+0000] {logging_mixin.py:117} INFO - [2025-05-19T14:02:13.319+0000] {dagbag.py:330} ERROR - Failed to import: /opt/airflow/dags/copy_db_dag.py
Traceback (most recent call last):
  File "/home/airflow/.local/lib/python3.7/site-packages/airflow/models/dagbag.py", line 326, in parse
    loader.exec_module(new_module)
  File "<frozen importlib._bootstrap_external>", line 728, in exec_module
  File "<frozen importlib._bootstrap>", line 219, in _call_with_frames_removed
  File "/opt/airflow/dags/copy_db_dag.py", line 8, in <module>
    from ddp_airflow.src.copy_file import perform_copy_data
ModuleNotFoundError: No module named 'ddp_airflow'
[2025-05-19T14:02:13.320+0000] {processor.py:770} WARNING - No viable dags retrieved from /opt/airflow/dags/copy_db_dag.py
[2025-05-19T14:02:13.341+0000] {processor.py:178} INFO - Processing /opt/airflow/dags/copy_db_dag.py took 0.039 seconds
[2025-05-19T14:02:44.193+0000] {processor.py:156} INFO - Started process (PID=787) to work on /opt/airflow/dags/copy_db_dag.py
[2025-05-19T14:02:44.194+0000] {processor.py:758} INFO - Processing file /opt/airflow/dags/copy_db_dag.py for tasks to queue
[2025-05-19T14:02:44.195+0000] {logging_mixin.py:117} INFO - [2025-05-19T14:02:44.195+0000] {dagbag.py:525} INFO - Filling up the DagBag from /opt/airflow/dags/copy_db_dag.py
[2025-05-19T14:02:44.201+0000] {logging_mixin.py:117} INFO - [2025-05-19T14:02:44.200+0000] {dagbag.py:330} ERROR - Failed to import: /opt/airflow/dags/copy_db_dag.py
Traceback (most recent call last):
  File "/home/airflow/.local/lib/python3.7/site-packages/airflow/models/dagbag.py", line 326, in parse
    loader.exec_module(new_module)
  File "<frozen importlib._bootstrap_external>", line 728, in exec_module
  File "<frozen importlib._bootstrap>", line 219, in _call_with_frames_removed
  File "/opt/airflow/dags/copy_db_dag.py", line 8, in <module>
    from ddp_airflow.src.copy_file import perform_copy_data
ModuleNotFoundError: No module named 'ddp_airflow'
[2025-05-19T14:02:44.202+0000] {processor.py:770} WARNING - No viable dags retrieved from /opt/airflow/dags/copy_db_dag.py
[2025-05-19T14:02:44.220+0000] {processor.py:178} INFO - Processing /opt/airflow/dags/copy_db_dag.py took 0.030 seconds
[2025-05-19T14:03:15.170+0000] {processor.py:156} INFO - Started process (PID=824) to work on /opt/airflow/dags/copy_db_dag.py
[2025-05-19T14:03:15.174+0000] {processor.py:758} INFO - Processing file /opt/airflow/dags/copy_db_dag.py for tasks to queue
[2025-05-19T14:03:15.175+0000] {logging_mixin.py:117} INFO - [2025-05-19T14:03:15.175+0000] {dagbag.py:525} INFO - Filling up the DagBag from /opt/airflow/dags/copy_db_dag.py
[2025-05-19T14:03:15.187+0000] {logging_mixin.py:117} INFO - [2025-05-19T14:03:15.185+0000] {dagbag.py:330} ERROR - Failed to import: /opt/airflow/dags/copy_db_dag.py
Traceback (most recent call last):
  File "/home/airflow/.local/lib/python3.7/site-packages/airflow/models/dagbag.py", line 326, in parse
    loader.exec_module(new_module)
  File "<frozen importlib._bootstrap_external>", line 728, in exec_module
  File "<frozen importlib._bootstrap>", line 219, in _call_with_frames_removed
  File "/opt/airflow/dags/copy_db_dag.py", line 8, in <module>
    from ddp_airflow.src.copy_file import perform_copy_data
ModuleNotFoundError: No module named 'ddp_airflow'
[2025-05-19T14:03:15.187+0000] {processor.py:770} WARNING - No viable dags retrieved from /opt/airflow/dags/copy_db_dag.py
[2025-05-19T14:03:15.214+0000] {processor.py:178} INFO - Processing /opt/airflow/dags/copy_db_dag.py took 0.050 seconds
[2025-05-19T14:03:45.869+0000] {processor.py:156} INFO - Started process (PID=861) to work on /opt/airflow/dags/copy_db_dag.py
[2025-05-19T14:03:45.870+0000] {processor.py:758} INFO - Processing file /opt/airflow/dags/copy_db_dag.py for tasks to queue
[2025-05-19T14:03:45.871+0000] {logging_mixin.py:117} INFO - [2025-05-19T14:03:45.871+0000] {dagbag.py:525} INFO - Filling up the DagBag from /opt/airflow/dags/copy_db_dag.py
[2025-05-19T14:03:45.875+0000] {logging_mixin.py:117} INFO - [2025-05-19T14:03:45.875+0000] {dagbag.py:330} ERROR - Failed to import: /opt/airflow/dags/copy_db_dag.py
Traceback (most recent call last):
  File "/home/airflow/.local/lib/python3.7/site-packages/airflow/models/dagbag.py", line 326, in parse
    loader.exec_module(new_module)
  File "<frozen importlib._bootstrap_external>", line 728, in exec_module
  File "<frozen importlib._bootstrap>", line 219, in _call_with_frames_removed
  File "/opt/airflow/dags/copy_db_dag.py", line 8, in <module>
    from ddp_airflow.src.copy_file import perform_copy_data
ModuleNotFoundError: No module named 'ddp_airflow'
[2025-05-19T14:03:45.876+0000] {processor.py:770} WARNING - No viable dags retrieved from /opt/airflow/dags/copy_db_dag.py
[2025-05-19T14:03:45.897+0000] {processor.py:178} INFO - Processing /opt/airflow/dags/copy_db_dag.py took 0.029 seconds
[2025-05-19T14:04:16.230+0000] {processor.py:156} INFO - Started process (PID=898) to work on /opt/airflow/dags/copy_db_dag.py
[2025-05-19T14:04:16.234+0000] {processor.py:758} INFO - Processing file /opt/airflow/dags/copy_db_dag.py for tasks to queue
[2025-05-19T14:04:16.234+0000] {logging_mixin.py:117} INFO - [2025-05-19T14:04:16.234+0000] {dagbag.py:525} INFO - Filling up the DagBag from /opt/airflow/dags/copy_db_dag.py
[2025-05-19T14:04:16.239+0000] {logging_mixin.py:117} INFO - [2025-05-19T14:04:16.239+0000] {dagbag.py:330} ERROR - Failed to import: /opt/airflow/dags/copy_db_dag.py
Traceback (most recent call last):
  File "/home/airflow/.local/lib/python3.7/site-packages/airflow/models/dagbag.py", line 326, in parse
    loader.exec_module(new_module)
  File "<frozen importlib._bootstrap_external>", line 728, in exec_module
  File "<frozen importlib._bootstrap>", line 219, in _call_with_frames_removed
  File "/opt/airflow/dags/copy_db_dag.py", line 8, in <module>
    from ddp_airflow.src.copy_file import perform_copy_data
ModuleNotFoundError: No module named 'ddp_airflow'
[2025-05-19T14:04:16.239+0000] {processor.py:770} WARNING - No viable dags retrieved from /opt/airflow/dags/copy_db_dag.py
[2025-05-19T14:04:16.259+0000] {processor.py:178} INFO - Processing /opt/airflow/dags/copy_db_dag.py took 0.033 seconds
[2025-05-19T14:10:51.245+0000] {processor.py:156} INFO - Started process (PID=187) to work on /opt/airflow/dags/copy_db_dag.py
[2025-05-19T14:10:51.246+0000] {processor.py:758} INFO - Processing file /opt/airflow/dags/copy_db_dag.py for tasks to queue
[2025-05-19T14:10:51.247+0000] {logging_mixin.py:117} INFO - [2025-05-19T14:10:51.247+0000] {dagbag.py:525} INFO - Filling up the DagBag from /opt/airflow/dags/copy_db_dag.py
[2025-05-19T14:10:51.257+0000] {logging_mixin.py:117} INFO - [2025-05-19T14:10:51.255+0000] {dagbag.py:330} ERROR - Failed to import: /opt/airflow/dags/copy_db_dag.py
Traceback (most recent call last):
  File "/home/airflow/.local/lib/python3.7/site-packages/airflow/models/dagbag.py", line 326, in parse
    loader.exec_module(new_module)
  File "<frozen importlib._bootstrap_external>", line 728, in exec_module
  File "<frozen importlib._bootstrap>", line 219, in _call_with_frames_removed
  File "/opt/airflow/dags/copy_db_dag.py", line 8, in <module>
    from ddp_airflow.src.copy_file import perform_copy_data
ModuleNotFoundError: No module named 'ddp_airflow'
[2025-05-19T14:10:51.257+0000] {processor.py:770} WARNING - No viable dags retrieved from /opt/airflow/dags/copy_db_dag.py
[2025-05-19T14:10:51.280+0000] {processor.py:178} INFO - Processing /opt/airflow/dags/copy_db_dag.py took 0.040 seconds
[2025-05-19T14:11:22.213+0000] {processor.py:156} INFO - Started process (PID=223) to work on /opt/airflow/dags/copy_db_dag.py
[2025-05-19T14:11:22.214+0000] {processor.py:758} INFO - Processing file /opt/airflow/dags/copy_db_dag.py for tasks to queue
[2025-05-19T14:11:22.214+0000] {logging_mixin.py:117} INFO - [2025-05-19T14:11:22.214+0000] {dagbag.py:525} INFO - Filling up the DagBag from /opt/airflow/dags/copy_db_dag.py
[2025-05-19T14:11:22.236+0000] {logging_mixin.py:117} INFO - [2025-05-19T14:11:22.236+0000] {dagbag.py:330} ERROR - Failed to import: /opt/airflow/dags/copy_db_dag.py
Traceback (most recent call last):
  File "/home/airflow/.local/lib/python3.7/site-packages/airflow/models/dagbag.py", line 326, in parse
    loader.exec_module(new_module)
  File "<frozen importlib._bootstrap_external>", line 728, in exec_module
  File "<frozen importlib._bootstrap>", line 219, in _call_with_frames_removed
  File "/opt/airflow/dags/copy_db_dag.py", line 8, in <module>
    from ddp_airflow.src.copy_file import perform_copy_data
ModuleNotFoundError: No module named 'ddp_airflow'
[2025-05-19T14:11:22.237+0000] {processor.py:770} WARNING - No viable dags retrieved from /opt/airflow/dags/copy_db_dag.py
[2025-05-19T14:11:22.264+0000] {processor.py:178} INFO - Processing /opt/airflow/dags/copy_db_dag.py took 0.054 seconds
[2025-05-19T14:11:52.867+0000] {processor.py:156} INFO - Started process (PID=261) to work on /opt/airflow/dags/copy_db_dag.py
[2025-05-19T14:11:52.868+0000] {processor.py:758} INFO - Processing file /opt/airflow/dags/copy_db_dag.py for tasks to queue
[2025-05-19T14:11:52.869+0000] {logging_mixin.py:117} INFO - [2025-05-19T14:11:52.868+0000] {dagbag.py:525} INFO - Filling up the DagBag from /opt/airflow/dags/copy_db_dag.py
[2025-05-19T14:11:52.875+0000] {logging_mixin.py:117} INFO - [2025-05-19T14:11:52.874+0000] {dagbag.py:330} ERROR - Failed to import: /opt/airflow/dags/copy_db_dag.py
Traceback (most recent call last):
  File "/home/airflow/.local/lib/python3.7/site-packages/airflow/models/dagbag.py", line 326, in parse
    loader.exec_module(new_module)
  File "<frozen importlib._bootstrap_external>", line 728, in exec_module
  File "<frozen importlib._bootstrap>", line 219, in _call_with_frames_removed
  File "/opt/airflow/dags/copy_db_dag.py", line 8, in <module>
    from ddp_airflow.src.copy_file import perform_copy_data
ModuleNotFoundError: No module named 'ddp_airflow'
[2025-05-19T14:11:52.875+0000] {processor.py:770} WARNING - No viable dags retrieved from /opt/airflow/dags/copy_db_dag.py
[2025-05-19T14:11:52.902+0000] {processor.py:178} INFO - Processing /opt/airflow/dags/copy_db_dag.py took 0.037 seconds
[2025-05-19T14:12:23.711+0000] {processor.py:156} INFO - Started process (PID=298) to work on /opt/airflow/dags/copy_db_dag.py
[2025-05-19T14:12:23.711+0000] {processor.py:758} INFO - Processing file /opt/airflow/dags/copy_db_dag.py for tasks to queue
[2025-05-19T14:12:23.712+0000] {logging_mixin.py:117} INFO - [2025-05-19T14:12:23.712+0000] {dagbag.py:525} INFO - Filling up the DagBag from /opt/airflow/dags/copy_db_dag.py
[2025-05-19T14:12:23.721+0000] {logging_mixin.py:117} INFO - [2025-05-19T14:12:23.721+0000] {dagbag.py:330} ERROR - Failed to import: /opt/airflow/dags/copy_db_dag.py
Traceback (most recent call last):
  File "/home/airflow/.local/lib/python3.7/site-packages/airflow/models/dagbag.py", line 326, in parse
    loader.exec_module(new_module)
  File "<frozen importlib._bootstrap_external>", line 728, in exec_module
  File "<frozen importlib._bootstrap>", line 219, in _call_with_frames_removed
  File "/opt/airflow/dags/copy_db_dag.py", line 8, in <module>
    from ddp_airflow.src.copy_file import perform_copy_data
ModuleNotFoundError: No module named 'ddp_airflow'
[2025-05-19T14:12:23.722+0000] {processor.py:770} WARNING - No viable dags retrieved from /opt/airflow/dags/copy_db_dag.py
[2025-05-19T14:12:23.742+0000] {processor.py:178} INFO - Processing /opt/airflow/dags/copy_db_dag.py took 0.034 seconds
[2025-05-19T14:12:54.665+0000] {processor.py:156} INFO - Started process (PID=335) to work on /opt/airflow/dags/copy_db_dag.py
[2025-05-19T14:12:54.669+0000] {processor.py:758} INFO - Processing file /opt/airflow/dags/copy_db_dag.py for tasks to queue
[2025-05-19T14:12:54.670+0000] {logging_mixin.py:117} INFO - [2025-05-19T14:12:54.670+0000] {dagbag.py:525} INFO - Filling up the DagBag from /opt/airflow/dags/copy_db_dag.py
[2025-05-19T14:12:54.676+0000] {logging_mixin.py:117} INFO - [2025-05-19T14:12:54.675+0000] {dagbag.py:330} ERROR - Failed to import: /opt/airflow/dags/copy_db_dag.py
Traceback (most recent call last):
  File "/home/airflow/.local/lib/python3.7/site-packages/airflow/models/dagbag.py", line 326, in parse
    loader.exec_module(new_module)
  File "<frozen importlib._bootstrap_external>", line 728, in exec_module
  File "<frozen importlib._bootstrap>", line 219, in _call_with_frames_removed
  File "/opt/airflow/dags/copy_db_dag.py", line 8, in <module>
    from ddp_airflow.src.copy_file import perform_copy_data
ModuleNotFoundError: No module named 'ddp_airflow'
[2025-05-19T14:12:54.686+0000] {processor.py:770} WARNING - No viable dags retrieved from /opt/airflow/dags/copy_db_dag.py
[2025-05-19T14:12:54.706+0000] {processor.py:178} INFO - Processing /opt/airflow/dags/copy_db_dag.py took 0.044 seconds
[2025-05-19T14:13:25.529+0000] {processor.py:156} INFO - Started process (PID=372) to work on /opt/airflow/dags/copy_db_dag.py
[2025-05-19T14:13:25.531+0000] {processor.py:758} INFO - Processing file /opt/airflow/dags/copy_db_dag.py for tasks to queue
[2025-05-19T14:13:25.531+0000] {logging_mixin.py:117} INFO - [2025-05-19T14:13:25.531+0000] {dagbag.py:525} INFO - Filling up the DagBag from /opt/airflow/dags/copy_db_dag.py
[2025-05-19T14:13:25.537+0000] {logging_mixin.py:117} INFO - [2025-05-19T14:13:25.536+0000] {dagbag.py:330} ERROR - Failed to import: /opt/airflow/dags/copy_db_dag.py
Traceback (most recent call last):
  File "/home/airflow/.local/lib/python3.7/site-packages/airflow/models/dagbag.py", line 326, in parse
    loader.exec_module(new_module)
  File "<frozen importlib._bootstrap_external>", line 728, in exec_module
  File "<frozen importlib._bootstrap>", line 219, in _call_with_frames_removed
  File "/opt/airflow/dags/copy_db_dag.py", line 8, in <module>
    from ddp_airflow.src.copy_file import perform_copy_data
ModuleNotFoundError: No module named 'ddp_airflow'
[2025-05-19T14:13:25.537+0000] {processor.py:770} WARNING - No viable dags retrieved from /opt/airflow/dags/copy_db_dag.py
[2025-05-19T14:13:25.558+0000] {processor.py:178} INFO - Processing /opt/airflow/dags/copy_db_dag.py took 0.031 seconds
[2025-05-19T14:13:55.593+0000] {processor.py:156} INFO - Started process (PID=409) to work on /opt/airflow/dags/copy_db_dag.py
[2025-05-19T14:13:55.594+0000] {processor.py:758} INFO - Processing file /opt/airflow/dags/copy_db_dag.py for tasks to queue
[2025-05-19T14:13:55.594+0000] {logging_mixin.py:117} INFO - [2025-05-19T14:13:55.594+0000] {dagbag.py:525} INFO - Filling up the DagBag from /opt/airflow/dags/copy_db_dag.py
[2025-05-19T14:13:55.601+0000] {logging_mixin.py:117} INFO - [2025-05-19T14:13:55.600+0000] {dagbag.py:330} ERROR - Failed to import: /opt/airflow/dags/copy_db_dag.py
Traceback (most recent call last):
  File "/home/airflow/.local/lib/python3.7/site-packages/airflow/models/dagbag.py", line 326, in parse
    loader.exec_module(new_module)
  File "<frozen importlib._bootstrap_external>", line 728, in exec_module
  File "<frozen importlib._bootstrap>", line 219, in _call_with_frames_removed
  File "/opt/airflow/dags/copy_db_dag.py", line 8, in <module>
    from ddp_airflow.src.copy_file import perform_copy_data
ModuleNotFoundError: No module named 'ddp_airflow'
[2025-05-19T14:13:55.602+0000] {processor.py:770} WARNING - No viable dags retrieved from /opt/airflow/dags/copy_db_dag.py
[2025-05-19T14:13:55.620+0000] {processor.py:178} INFO - Processing /opt/airflow/dags/copy_db_dag.py took 0.030 seconds
[2025-05-19T14:14:25.810+0000] {processor.py:156} INFO - Started process (PID=446) to work on /opt/airflow/dags/copy_db_dag.py
[2025-05-19T14:14:25.810+0000] {processor.py:758} INFO - Processing file /opt/airflow/dags/copy_db_dag.py for tasks to queue
[2025-05-19T14:14:25.811+0000] {logging_mixin.py:117} INFO - [2025-05-19T14:14:25.811+0000] {dagbag.py:525} INFO - Filling up the DagBag from /opt/airflow/dags/copy_db_dag.py
[2025-05-19T14:14:25.815+0000] {logging_mixin.py:117} INFO - [2025-05-19T14:14:25.815+0000] {dagbag.py:330} ERROR - Failed to import: /opt/airflow/dags/copy_db_dag.py
Traceback (most recent call last):
  File "/home/airflow/.local/lib/python3.7/site-packages/airflow/models/dagbag.py", line 326, in parse
    loader.exec_module(new_module)
  File "<frozen importlib._bootstrap_external>", line 728, in exec_module
  File "<frozen importlib._bootstrap>", line 219, in _call_with_frames_removed
  File "/opt/airflow/dags/copy_db_dag.py", line 8, in <module>
    from ddp_airflow.src.copy_file import perform_copy_data
ModuleNotFoundError: No module named 'ddp_airflow'
[2025-05-19T14:14:25.815+0000] {processor.py:770} WARNING - No viable dags retrieved from /opt/airflow/dags/copy_db_dag.py
[2025-05-19T14:14:25.829+0000] {processor.py:178} INFO - Processing /opt/airflow/dags/copy_db_dag.py took 0.021 seconds
[2025-05-19T14:14:56.639+0000] {processor.py:156} INFO - Started process (PID=480) to work on /opt/airflow/dags/copy_db_dag.py
[2025-05-19T14:14:56.642+0000] {processor.py:758} INFO - Processing file /opt/airflow/dags/copy_db_dag.py for tasks to queue
[2025-05-19T14:14:56.642+0000] {logging_mixin.py:117} INFO - [2025-05-19T14:14:56.642+0000] {dagbag.py:525} INFO - Filling up the DagBag from /opt/airflow/dags/copy_db_dag.py
[2025-05-19T14:14:56.647+0000] {logging_mixin.py:117} INFO - [2025-05-19T14:14:56.646+0000] {dagbag.py:330} ERROR - Failed to import: /opt/airflow/dags/copy_db_dag.py
Traceback (most recent call last):
  File "/home/airflow/.local/lib/python3.7/site-packages/airflow/models/dagbag.py", line 326, in parse
    loader.exec_module(new_module)
  File "<frozen importlib._bootstrap_external>", line 728, in exec_module
  File "<frozen importlib._bootstrap>", line 219, in _call_with_frames_removed
  File "/opt/airflow/dags/copy_db_dag.py", line 8, in <module>
    from ddp_airflow.src.copy_file import perform_copy_data
ModuleNotFoundError: No module named 'ddp_airflow'
[2025-05-19T14:14:56.647+0000] {processor.py:770} WARNING - No viable dags retrieved from /opt/airflow/dags/copy_db_dag.py
[2025-05-19T14:14:56.666+0000] {processor.py:178} INFO - Processing /opt/airflow/dags/copy_db_dag.py took 0.029 seconds
[2025-05-19T14:15:26.968+0000] {processor.py:156} INFO - Started process (PID=510) to work on /opt/airflow/dags/copy_db_dag.py
[2025-05-19T14:15:26.969+0000] {processor.py:758} INFO - Processing file /opt/airflow/dags/copy_db_dag.py for tasks to queue
[2025-05-19T14:15:26.970+0000] {logging_mixin.py:117} INFO - [2025-05-19T14:15:26.970+0000] {dagbag.py:525} INFO - Filling up the DagBag from /opt/airflow/dags/copy_db_dag.py
[2025-05-19T14:15:26.976+0000] {logging_mixin.py:117} INFO - [2025-05-19T14:15:26.975+0000] {dagbag.py:330} ERROR - Failed to import: /opt/airflow/dags/copy_db_dag.py
Traceback (most recent call last):
  File "/home/airflow/.local/lib/python3.7/site-packages/airflow/models/dagbag.py", line 326, in parse
    loader.exec_module(new_module)
  File "<frozen importlib._bootstrap_external>", line 728, in exec_module
  File "<frozen importlib._bootstrap>", line 219, in _call_with_frames_removed
  File "/opt/airflow/dags/copy_db_dag.py", line 8, in <module>
    from ddp_airflow.src.copy_file import perform_copy_data
ModuleNotFoundError: No module named 'ddp_airflow'
[2025-05-19T14:15:26.976+0000] {processor.py:770} WARNING - No viable dags retrieved from /opt/airflow/dags/copy_db_dag.py
[2025-05-19T14:15:27.212+0000] {processor.py:178} INFO - Processing /opt/airflow/dags/copy_db_dag.py took 0.246 seconds
[2025-05-19T14:15:57.992+0000] {processor.py:156} INFO - Started process (PID=548) to work on /opt/airflow/dags/copy_db_dag.py
[2025-05-19T14:15:57.993+0000] {processor.py:758} INFO - Processing file /opt/airflow/dags/copy_db_dag.py for tasks to queue
[2025-05-19T14:15:57.993+0000] {logging_mixin.py:117} INFO - [2025-05-19T14:15:57.993+0000] {dagbag.py:525} INFO - Filling up the DagBag from /opt/airflow/dags/copy_db_dag.py
[2025-05-19T14:15:58.000+0000] {logging_mixin.py:117} INFO - [2025-05-19T14:15:57.998+0000] {dagbag.py:330} ERROR - Failed to import: /opt/airflow/dags/copy_db_dag.py
Traceback (most recent call last):
  File "/home/airflow/.local/lib/python3.7/site-packages/airflow/models/dagbag.py", line 326, in parse
    loader.exec_module(new_module)
  File "<frozen importlib._bootstrap_external>", line 728, in exec_module
  File "<frozen importlib._bootstrap>", line 219, in _call_with_frames_removed
  File "/opt/airflow/dags/copy_db_dag.py", line 8, in <module>
    from ddp_airflow.src.copy_file import perform_copy_data
ModuleNotFoundError: No module named 'ddp_airflow'
[2025-05-19T14:15:58.000+0000] {processor.py:770} WARNING - No viable dags retrieved from /opt/airflow/dags/copy_db_dag.py
[2025-05-19T14:15:58.019+0000] {processor.py:178} INFO - Processing /opt/airflow/dags/copy_db_dag.py took 0.029 seconds
[2025-05-19T14:16:28.934+0000] {processor.py:156} INFO - Started process (PID=583) to work on /opt/airflow/dags/copy_db_dag.py
[2025-05-19T14:16:28.935+0000] {processor.py:758} INFO - Processing file /opt/airflow/dags/copy_db_dag.py for tasks to queue
[2025-05-19T14:16:28.935+0000] {logging_mixin.py:117} INFO - [2025-05-19T14:16:28.935+0000] {dagbag.py:525} INFO - Filling up the DagBag from /opt/airflow/dags/copy_db_dag.py
[2025-05-19T14:16:28.944+0000] {logging_mixin.py:117} INFO - [2025-05-19T14:16:28.943+0000] {dagbag.py:330} ERROR - Failed to import: /opt/airflow/dags/copy_db_dag.py
Traceback (most recent call last):
  File "/home/airflow/.local/lib/python3.7/site-packages/airflow/models/dagbag.py", line 326, in parse
    loader.exec_module(new_module)
  File "<frozen importlib._bootstrap_external>", line 728, in exec_module
  File "<frozen importlib._bootstrap>", line 219, in _call_with_frames_removed
  File "/opt/airflow/dags/copy_db_dag.py", line 8, in <module>
    from ddp_airflow.src.copy_file import perform_copy_data
ModuleNotFoundError: No module named 'ddp_airflow'
[2025-05-19T14:16:28.944+0000] {processor.py:770} WARNING - No viable dags retrieved from /opt/airflow/dags/copy_db_dag.py
[2025-05-19T14:16:28.961+0000] {processor.py:178} INFO - Processing /opt/airflow/dags/copy_db_dag.py took 0.031 seconds
[2025-05-19T14:16:59.558+0000] {processor.py:156} INFO - Started process (PID=621) to work on /opt/airflow/dags/copy_db_dag.py
[2025-05-19T14:16:59.559+0000] {processor.py:758} INFO - Processing file /opt/airflow/dags/copy_db_dag.py for tasks to queue
[2025-05-19T14:16:59.559+0000] {logging_mixin.py:117} INFO - [2025-05-19T14:16:59.559+0000] {dagbag.py:525} INFO - Filling up the DagBag from /opt/airflow/dags/copy_db_dag.py
[2025-05-19T14:16:59.564+0000] {logging_mixin.py:117} INFO - [2025-05-19T14:16:59.562+0000] {dagbag.py:330} ERROR - Failed to import: /opt/airflow/dags/copy_db_dag.py
Traceback (most recent call last):
  File "/home/airflow/.local/lib/python3.7/site-packages/airflow/models/dagbag.py", line 326, in parse
    loader.exec_module(new_module)
  File "<frozen importlib._bootstrap_external>", line 728, in exec_module
  File "<frozen importlib._bootstrap>", line 219, in _call_with_frames_removed
  File "/opt/airflow/dags/copy_db_dag.py", line 8, in <module>
    from ddp_airflow.src.copy_file import perform_copy_data
ModuleNotFoundError: No module named 'ddp_airflow'
[2025-05-19T14:16:59.564+0000] {processor.py:770} WARNING - No viable dags retrieved from /opt/airflow/dags/copy_db_dag.py
[2025-05-19T14:16:59.580+0000] {processor.py:178} INFO - Processing /opt/airflow/dags/copy_db_dag.py took 0.025 seconds
[2025-05-19T14:17:30.225+0000] {processor.py:156} INFO - Started process (PID=659) to work on /opt/airflow/dags/copy_db_dag.py
[2025-05-19T14:17:30.226+0000] {processor.py:758} INFO - Processing file /opt/airflow/dags/copy_db_dag.py for tasks to queue
[2025-05-19T14:17:30.227+0000] {logging_mixin.py:117} INFO - [2025-05-19T14:17:30.227+0000] {dagbag.py:525} INFO - Filling up the DagBag from /opt/airflow/dags/copy_db_dag.py
[2025-05-19T14:17:30.234+0000] {logging_mixin.py:117} INFO - [2025-05-19T14:17:30.233+0000] {dagbag.py:330} ERROR - Failed to import: /opt/airflow/dags/copy_db_dag.py
Traceback (most recent call last):
  File "/home/airflow/.local/lib/python3.7/site-packages/airflow/models/dagbag.py", line 326, in parse
    loader.exec_module(new_module)
  File "<frozen importlib._bootstrap_external>", line 728, in exec_module
  File "<frozen importlib._bootstrap>", line 219, in _call_with_frames_removed
  File "/opt/airflow/dags/copy_db_dag.py", line 8, in <module>
    from ddp_airflow.src.copy_file import perform_copy_data
ModuleNotFoundError: No module named 'ddp_airflow'
[2025-05-19T14:17:30.234+0000] {processor.py:770} WARNING - No viable dags retrieved from /opt/airflow/dags/copy_db_dag.py
[2025-05-19T14:17:30.251+0000] {processor.py:178} INFO - Processing /opt/airflow/dags/copy_db_dag.py took 0.030 seconds
[2025-05-19T14:18:00.313+0000] {processor.py:156} INFO - Started process (PID=696) to work on /opt/airflow/dags/copy_db_dag.py
[2025-05-19T14:18:00.314+0000] {processor.py:758} INFO - Processing file /opt/airflow/dags/copy_db_dag.py for tasks to queue
[2025-05-19T14:18:00.314+0000] {logging_mixin.py:117} INFO - [2025-05-19T14:18:00.314+0000] {dagbag.py:525} INFO - Filling up the DagBag from /opt/airflow/dags/copy_db_dag.py
[2025-05-19T14:18:00.321+0000] {logging_mixin.py:117} INFO - [2025-05-19T14:18:00.320+0000] {dagbag.py:330} ERROR - Failed to import: /opt/airflow/dags/copy_db_dag.py
Traceback (most recent call last):
  File "/home/airflow/.local/lib/python3.7/site-packages/airflow/models/dagbag.py", line 326, in parse
    loader.exec_module(new_module)
  File "<frozen importlib._bootstrap_external>", line 728, in exec_module
  File "<frozen importlib._bootstrap>", line 219, in _call_with_frames_removed
  File "/opt/airflow/dags/copy_db_dag.py", line 8, in <module>
    from ddp_airflow.src.copy_file import perform_copy_data
ModuleNotFoundError: No module named 'ddp_airflow'
[2025-05-19T14:18:00.321+0000] {processor.py:770} WARNING - No viable dags retrieved from /opt/airflow/dags/copy_db_dag.py
[2025-05-19T14:18:00.344+0000] {processor.py:178} INFO - Processing /opt/airflow/dags/copy_db_dag.py took 0.035 seconds
[2025-05-19T14:18:30.474+0000] {processor.py:156} INFO - Started process (PID=733) to work on /opt/airflow/dags/copy_db_dag.py
[2025-05-19T14:18:30.475+0000] {processor.py:758} INFO - Processing file /opt/airflow/dags/copy_db_dag.py for tasks to queue
[2025-05-19T14:18:30.475+0000] {logging_mixin.py:117} INFO - [2025-05-19T14:18:30.475+0000] {dagbag.py:525} INFO - Filling up the DagBag from /opt/airflow/dags/copy_db_dag.py
[2025-05-19T14:18:30.480+0000] {logging_mixin.py:117} INFO - [2025-05-19T14:18:30.480+0000] {dagbag.py:330} ERROR - Failed to import: /opt/airflow/dags/copy_db_dag.py
Traceback (most recent call last):
  File "/home/airflow/.local/lib/python3.7/site-packages/airflow/models/dagbag.py", line 326, in parse
    loader.exec_module(new_module)
  File "<frozen importlib._bootstrap_external>", line 728, in exec_module
  File "<frozen importlib._bootstrap>", line 219, in _call_with_frames_removed
  File "/opt/airflow/dags/copy_db_dag.py", line 8, in <module>
    from ddp_airflow.src.copy_file import perform_copy_data
ModuleNotFoundError: No module named 'ddp_airflow'
[2025-05-19T14:18:30.481+0000] {processor.py:770} WARNING - No viable dags retrieved from /opt/airflow/dags/copy_db_dag.py
[2025-05-19T14:18:30.497+0000] {processor.py:178} INFO - Processing /opt/airflow/dags/copy_db_dag.py took 0.025 seconds
[2025-05-19T14:19:00.940+0000] {processor.py:156} INFO - Started process (PID=770) to work on /opt/airflow/dags/copy_db_dag.py
[2025-05-19T14:19:00.940+0000] {processor.py:758} INFO - Processing file /opt/airflow/dags/copy_db_dag.py for tasks to queue
[2025-05-19T14:19:00.941+0000] {logging_mixin.py:117} INFO - [2025-05-19T14:19:00.940+0000] {dagbag.py:525} INFO - Filling up the DagBag from /opt/airflow/dags/copy_db_dag.py
[2025-05-19T14:19:00.945+0000] {logging_mixin.py:117} INFO - [2025-05-19T14:19:00.944+0000] {dagbag.py:330} ERROR - Failed to import: /opt/airflow/dags/copy_db_dag.py
Traceback (most recent call last):
  File "/home/airflow/.local/lib/python3.7/site-packages/airflow/models/dagbag.py", line 326, in parse
    loader.exec_module(new_module)
  File "<frozen importlib._bootstrap_external>", line 728, in exec_module
  File "<frozen importlib._bootstrap>", line 219, in _call_with_frames_removed
  File "/opt/airflow/dags/copy_db_dag.py", line 8, in <module>
    from ddp_airflow.src.copy_file import perform_copy_data
ModuleNotFoundError: No module named 'ddp_airflow'
[2025-05-19T14:19:00.945+0000] {processor.py:770} WARNING - No viable dags retrieved from /opt/airflow/dags/copy_db_dag.py
[2025-05-19T14:19:00.979+0000] {processor.py:178} INFO - Processing /opt/airflow/dags/copy_db_dag.py took 0.041 seconds
[2025-05-19T14:19:31.853+0000] {processor.py:156} INFO - Started process (PID=807) to work on /opt/airflow/dags/copy_db_dag.py
[2025-05-19T14:19:31.854+0000] {processor.py:758} INFO - Processing file /opt/airflow/dags/copy_db_dag.py for tasks to queue
[2025-05-19T14:19:31.854+0000] {logging_mixin.py:117} INFO - [2025-05-19T14:19:31.854+0000] {dagbag.py:525} INFO - Filling up the DagBag from /opt/airflow/dags/copy_db_dag.py
[2025-05-19T14:19:31.859+0000] {logging_mixin.py:117} INFO - [2025-05-19T14:19:31.858+0000] {dagbag.py:330} ERROR - Failed to import: /opt/airflow/dags/copy_db_dag.py
Traceback (most recent call last):
  File "/home/airflow/.local/lib/python3.7/site-packages/airflow/models/dagbag.py", line 326, in parse
    loader.exec_module(new_module)
  File "<frozen importlib._bootstrap_external>", line 728, in exec_module
  File "<frozen importlib._bootstrap>", line 219, in _call_with_frames_removed
  File "/opt/airflow/dags/copy_db_dag.py", line 8, in <module>
    from ddp_airflow.src.copy_file import perform_copy_data
ModuleNotFoundError: No module named 'ddp_airflow'
[2025-05-19T14:19:31.859+0000] {processor.py:770} WARNING - No viable dags retrieved from /opt/airflow/dags/copy_db_dag.py
[2025-05-19T14:19:31.880+0000] {processor.py:178} INFO - Processing /opt/airflow/dags/copy_db_dag.py took 0.029 seconds
[2025-05-19T14:20:02.891+0000] {processor.py:156} INFO - Started process (PID=844) to work on /opt/airflow/dags/copy_db_dag.py
[2025-05-19T14:20:02.892+0000] {processor.py:758} INFO - Processing file /opt/airflow/dags/copy_db_dag.py for tasks to queue
[2025-05-19T14:20:02.893+0000] {logging_mixin.py:117} INFO - [2025-05-19T14:20:02.893+0000] {dagbag.py:525} INFO - Filling up the DagBag from /opt/airflow/dags/copy_db_dag.py
[2025-05-19T14:20:02.900+0000] {logging_mixin.py:117} INFO - [2025-05-19T14:20:02.899+0000] {dagbag.py:330} ERROR - Failed to import: /opt/airflow/dags/copy_db_dag.py
Traceback (most recent call last):
  File "/home/airflow/.local/lib/python3.7/site-packages/airflow/models/dagbag.py", line 326, in parse
    loader.exec_module(new_module)
  File "<frozen importlib._bootstrap_external>", line 728, in exec_module
  File "<frozen importlib._bootstrap>", line 219, in _call_with_frames_removed
  File "/opt/airflow/dags/copy_db_dag.py", line 8, in <module>
    from ddp_airflow.src.copy_file import perform_copy_data
ModuleNotFoundError: No module named 'ddp_airflow'
[2025-05-19T14:20:02.900+0000] {processor.py:770} WARNING - No viable dags retrieved from /opt/airflow/dags/copy_db_dag.py
[2025-05-19T14:20:02.921+0000] {processor.py:178} INFO - Processing /opt/airflow/dags/copy_db_dag.py took 0.035 seconds
[2025-05-19T14:21:07.280+0000] {processor.py:156} INFO - Started process (PID=187) to work on /opt/airflow/dags/copy_db_dag.py
[2025-05-19T14:21:07.282+0000] {processor.py:758} INFO - Processing file /opt/airflow/dags/copy_db_dag.py for tasks to queue
[2025-05-19T14:21:07.283+0000] {logging_mixin.py:117} INFO - [2025-05-19T14:21:07.282+0000] {dagbag.py:525} INFO - Filling up the DagBag from /opt/airflow/dags/copy_db_dag.py
[2025-05-19T14:21:07.292+0000] {logging_mixin.py:117} INFO - [2025-05-19T14:21:07.292+0000] {dagbag.py:330} ERROR - Failed to import: /opt/airflow/dags/copy_db_dag.py
Traceback (most recent call last):
  File "/home/airflow/.local/lib/python3.7/site-packages/airflow/models/dagbag.py", line 326, in parse
    loader.exec_module(new_module)
  File "<frozen importlib._bootstrap_external>", line 728, in exec_module
  File "<frozen importlib._bootstrap>", line 219, in _call_with_frames_removed
  File "/opt/airflow/dags/copy_db_dag.py", line 8, in <module>
    from ddp_airflow.src.copy_file import perform_copy_data
ModuleNotFoundError: No module named 'ddp_airflow'
[2025-05-19T14:21:07.293+0000] {processor.py:770} WARNING - No viable dags retrieved from /opt/airflow/dags/copy_db_dag.py
[2025-05-19T14:21:07.312+0000] {processor.py:178} INFO - Processing /opt/airflow/dags/copy_db_dag.py took 0.034 seconds
[2025-05-19T14:21:38.064+0000] {processor.py:156} INFO - Started process (PID=225) to work on /opt/airflow/dags/copy_db_dag.py
[2025-05-19T14:21:38.066+0000] {processor.py:758} INFO - Processing file /opt/airflow/dags/copy_db_dag.py for tasks to queue
[2025-05-19T14:21:38.066+0000] {logging_mixin.py:117} INFO - [2025-05-19T14:21:38.066+0000] {dagbag.py:525} INFO - Filling up the DagBag from /opt/airflow/dags/copy_db_dag.py
[2025-05-19T14:21:38.072+0000] {logging_mixin.py:117} INFO - [2025-05-19T14:21:38.071+0000] {dagbag.py:330} ERROR - Failed to import: /opt/airflow/dags/copy_db_dag.py
Traceback (most recent call last):
  File "/home/airflow/.local/lib/python3.7/site-packages/airflow/models/dagbag.py", line 326, in parse
    loader.exec_module(new_module)
  File "<frozen importlib._bootstrap_external>", line 728, in exec_module
  File "<frozen importlib._bootstrap>", line 219, in _call_with_frames_removed
  File "/opt/airflow/dags/copy_db_dag.py", line 8, in <module>
    from ddp_airflow.src.copy_file import perform_copy_data
ModuleNotFoundError: No module named 'ddp_airflow'
[2025-05-19T14:21:38.072+0000] {processor.py:770} WARNING - No viable dags retrieved from /opt/airflow/dags/copy_db_dag.py
[2025-05-19T14:21:38.093+0000] {processor.py:178} INFO - Processing /opt/airflow/dags/copy_db_dag.py took 0.031 seconds
[2025-05-19T14:22:08.826+0000] {processor.py:156} INFO - Started process (PID=261) to work on /opt/airflow/dags/copy_db_dag.py
[2025-05-19T14:22:08.836+0000] {processor.py:758} INFO - Processing file /opt/airflow/dags/copy_db_dag.py for tasks to queue
[2025-05-19T14:22:08.837+0000] {logging_mixin.py:117} INFO - [2025-05-19T14:22:08.836+0000] {dagbag.py:525} INFO - Filling up the DagBag from /opt/airflow/dags/copy_db_dag.py
[2025-05-19T14:22:08.844+0000] {logging_mixin.py:117} INFO - [2025-05-19T14:22:08.844+0000] {dagbag.py:330} ERROR - Failed to import: /opt/airflow/dags/copy_db_dag.py
Traceback (most recent call last):
  File "/home/airflow/.local/lib/python3.7/site-packages/airflow/models/dagbag.py", line 326, in parse
    loader.exec_module(new_module)
  File "<frozen importlib._bootstrap_external>", line 728, in exec_module
  File "<frozen importlib._bootstrap>", line 219, in _call_with_frames_removed
  File "/opt/airflow/dags/copy_db_dag.py", line 8, in <module>
    from ddp_airflow.src.copy_file import perform_copy_data
ModuleNotFoundError: No module named 'ddp_airflow'
[2025-05-19T14:22:08.845+0000] {processor.py:770} WARNING - No viable dags retrieved from /opt/airflow/dags/copy_db_dag.py
[2025-05-19T14:22:08.869+0000] {processor.py:178} INFO - Processing /opt/airflow/dags/copy_db_dag.py took 0.046 seconds
[2025-05-19T14:22:39.414+0000] {processor.py:156} INFO - Started process (PID=299) to work on /opt/airflow/dags/copy_db_dag.py
[2025-05-19T14:22:39.415+0000] {processor.py:758} INFO - Processing file /opt/airflow/dags/copy_db_dag.py for tasks to queue
[2025-05-19T14:22:39.415+0000] {logging_mixin.py:117} INFO - [2025-05-19T14:22:39.415+0000] {dagbag.py:525} INFO - Filling up the DagBag from /opt/airflow/dags/copy_db_dag.py
[2025-05-19T14:22:39.429+0000] {logging_mixin.py:117} INFO - [2025-05-19T14:22:39.428+0000] {dagbag.py:330} ERROR - Failed to import: /opt/airflow/dags/copy_db_dag.py
Traceback (most recent call last):
  File "/home/airflow/.local/lib/python3.7/site-packages/airflow/models/dagbag.py", line 326, in parse
    loader.exec_module(new_module)
  File "<frozen importlib._bootstrap_external>", line 728, in exec_module
  File "<frozen importlib._bootstrap>", line 219, in _call_with_frames_removed
  File "/opt/airflow/dags/copy_db_dag.py", line 8, in <module>
    from ddp_airflow.src.copy_file import perform_copy_data
ModuleNotFoundError: No module named 'ddp_airflow'
[2025-05-19T14:22:39.429+0000] {processor.py:770} WARNING - No viable dags retrieved from /opt/airflow/dags/copy_db_dag.py
[2025-05-19T14:22:39.448+0000] {processor.py:178} INFO - Processing /opt/airflow/dags/copy_db_dag.py took 0.037 seconds
[2025-05-19T14:23:10.200+0000] {processor.py:156} INFO - Started process (PID=336) to work on /opt/airflow/dags/copy_db_dag.py
[2025-05-19T14:23:10.201+0000] {processor.py:758} INFO - Processing file /opt/airflow/dags/copy_db_dag.py for tasks to queue
[2025-05-19T14:23:10.202+0000] {logging_mixin.py:117} INFO - [2025-05-19T14:23:10.202+0000] {dagbag.py:525} INFO - Filling up the DagBag from /opt/airflow/dags/copy_db_dag.py
[2025-05-19T14:23:10.207+0000] {logging_mixin.py:117} INFO - [2025-05-19T14:23:10.206+0000] {dagbag.py:330} ERROR - Failed to import: /opt/airflow/dags/copy_db_dag.py
Traceback (most recent call last):
  File "/home/airflow/.local/lib/python3.7/site-packages/airflow/models/dagbag.py", line 326, in parse
    loader.exec_module(new_module)
  File "<frozen importlib._bootstrap_external>", line 728, in exec_module
  File "<frozen importlib._bootstrap>", line 219, in _call_with_frames_removed
  File "/opt/airflow/dags/copy_db_dag.py", line 8, in <module>
    from ddp_airflow.src.copy_file import perform_copy_data
ModuleNotFoundError: No module named 'ddp_airflow'
[2025-05-19T14:23:10.207+0000] {processor.py:770} WARNING - No viable dags retrieved from /opt/airflow/dags/copy_db_dag.py
[2025-05-19T14:23:10.232+0000] {processor.py:178} INFO - Processing /opt/airflow/dags/copy_db_dag.py took 0.034 seconds
[2025-05-19T14:23:40.856+0000] {processor.py:156} INFO - Started process (PID=374) to work on /opt/airflow/dags/copy_db_dag.py
[2025-05-19T14:23:40.857+0000] {processor.py:758} INFO - Processing file /opt/airflow/dags/copy_db_dag.py for tasks to queue
[2025-05-19T14:23:40.858+0000] {logging_mixin.py:117} INFO - [2025-05-19T14:23:40.858+0000] {dagbag.py:525} INFO - Filling up the DagBag from /opt/airflow/dags/copy_db_dag.py
[2025-05-19T14:23:40.865+0000] {logging_mixin.py:117} INFO - [2025-05-19T14:23:40.864+0000] {dagbag.py:330} ERROR - Failed to import: /opt/airflow/dags/copy_db_dag.py
Traceback (most recent call last):
  File "/home/airflow/.local/lib/python3.7/site-packages/airflow/models/dagbag.py", line 326, in parse
    loader.exec_module(new_module)
  File "<frozen importlib._bootstrap_external>", line 728, in exec_module
  File "<frozen importlib._bootstrap>", line 219, in _call_with_frames_removed
  File "/opt/airflow/dags/copy_db_dag.py", line 8, in <module>
    from ddp_airflow.src.copy_file import perform_copy_data
ModuleNotFoundError: No module named 'ddp_airflow'
[2025-05-19T14:23:40.865+0000] {processor.py:770} WARNING - No viable dags retrieved from /opt/airflow/dags/copy_db_dag.py
[2025-05-19T14:23:40.884+0000] {processor.py:178} INFO - Processing /opt/airflow/dags/copy_db_dag.py took 0.032 seconds
[2025-05-19T14:24:11.716+0000] {processor.py:156} INFO - Started process (PID=411) to work on /opt/airflow/dags/copy_db_dag.py
[2025-05-19T14:24:11.717+0000] {processor.py:758} INFO - Processing file /opt/airflow/dags/copy_db_dag.py for tasks to queue
[2025-05-19T14:24:11.717+0000] {logging_mixin.py:117} INFO - [2025-05-19T14:24:11.717+0000] {dagbag.py:525} INFO - Filling up the DagBag from /opt/airflow/dags/copy_db_dag.py
[2025-05-19T14:24:11.722+0000] {logging_mixin.py:117} INFO - [2025-05-19T14:24:11.722+0000] {dagbag.py:330} ERROR - Failed to import: /opt/airflow/dags/copy_db_dag.py
Traceback (most recent call last):
  File "/home/airflow/.local/lib/python3.7/site-packages/airflow/models/dagbag.py", line 326, in parse
    loader.exec_module(new_module)
  File "<frozen importlib._bootstrap_external>", line 728, in exec_module
  File "<frozen importlib._bootstrap>", line 219, in _call_with_frames_removed
  File "/opt/airflow/dags/copy_db_dag.py", line 8, in <module>
    from ddp_airflow.src.copy_file import perform_copy_data
ModuleNotFoundError: No module named 'ddp_airflow'
[2025-05-19T14:24:11.722+0000] {processor.py:770} WARNING - No viable dags retrieved from /opt/airflow/dags/copy_db_dag.py
[2025-05-19T14:24:11.739+0000] {processor.py:178} INFO - Processing /opt/airflow/dags/copy_db_dag.py took 0.024 seconds
[2025-05-19T14:24:41.884+0000] {processor.py:156} INFO - Started process (PID=449) to work on /opt/airflow/dags/copy_db_dag.py
[2025-05-19T14:24:41.885+0000] {processor.py:758} INFO - Processing file /opt/airflow/dags/copy_db_dag.py for tasks to queue
[2025-05-19T14:24:41.885+0000] {logging_mixin.py:117} INFO - [2025-05-19T14:24:41.885+0000] {dagbag.py:525} INFO - Filling up the DagBag from /opt/airflow/dags/copy_db_dag.py
[2025-05-19T14:24:41.890+0000] {logging_mixin.py:117} INFO - [2025-05-19T14:24:41.889+0000] {dagbag.py:330} ERROR - Failed to import: /opt/airflow/dags/copy_db_dag.py
Traceback (most recent call last):
  File "/home/airflow/.local/lib/python3.7/site-packages/airflow/models/dagbag.py", line 326, in parse
    loader.exec_module(new_module)
  File "<frozen importlib._bootstrap_external>", line 728, in exec_module
  File "<frozen importlib._bootstrap>", line 219, in _call_with_frames_removed
  File "/opt/airflow/dags/copy_db_dag.py", line 8, in <module>
    from ddp_airflow.src.copy_file import perform_copy_data
ModuleNotFoundError: No module named 'ddp_airflow'
[2025-05-19T14:24:41.890+0000] {processor.py:770} WARNING - No viable dags retrieved from /opt/airflow/dags/copy_db_dag.py
[2025-05-19T14:24:41.912+0000] {processor.py:178} INFO - Processing /opt/airflow/dags/copy_db_dag.py took 0.032 seconds
[2025-05-19T14:25:12.571+0000] {processor.py:156} INFO - Started process (PID=485) to work on /opt/airflow/dags/copy_db_dag.py
[2025-05-19T14:25:12.572+0000] {processor.py:758} INFO - Processing file /opt/airflow/dags/copy_db_dag.py for tasks to queue
[2025-05-19T14:25:12.573+0000] {logging_mixin.py:117} INFO - [2025-05-19T14:25:12.573+0000] {dagbag.py:525} INFO - Filling up the DagBag from /opt/airflow/dags/copy_db_dag.py
[2025-05-19T14:25:12.578+0000] {logging_mixin.py:117} INFO - [2025-05-19T14:25:12.577+0000] {dagbag.py:330} ERROR - Failed to import: /opt/airflow/dags/copy_db_dag.py
Traceback (most recent call last):
  File "/home/airflow/.local/lib/python3.7/site-packages/airflow/models/dagbag.py", line 326, in parse
    loader.exec_module(new_module)
  File "<frozen importlib._bootstrap_external>", line 728, in exec_module
  File "<frozen importlib._bootstrap>", line 219, in _call_with_frames_removed
  File "/opt/airflow/dags/copy_db_dag.py", line 8, in <module>
    from ddp_airflow.src.copy_file import perform_copy_data
ModuleNotFoundError: No module named 'ddp_airflow'
[2025-05-19T14:25:12.578+0000] {processor.py:770} WARNING - No viable dags retrieved from /opt/airflow/dags/copy_db_dag.py
[2025-05-19T14:25:12.595+0000] {processor.py:178} INFO - Processing /opt/airflow/dags/copy_db_dag.py took 0.027 seconds
[2025-05-19T14:25:43.334+0000] {processor.py:156} INFO - Started process (PID=523) to work on /opt/airflow/dags/copy_db_dag.py
[2025-05-19T14:25:43.337+0000] {processor.py:758} INFO - Processing file /opt/airflow/dags/copy_db_dag.py for tasks to queue
[2025-05-19T14:25:43.338+0000] {logging_mixin.py:117} INFO - [2025-05-19T14:25:43.338+0000] {dagbag.py:525} INFO - Filling up the DagBag from /opt/airflow/dags/copy_db_dag.py
[2025-05-19T14:25:43.343+0000] {logging_mixin.py:117} INFO - [2025-05-19T14:25:43.343+0000] {dagbag.py:330} ERROR - Failed to import: /opt/airflow/dags/copy_db_dag.py
Traceback (most recent call last):
  File "/home/airflow/.local/lib/python3.7/site-packages/airflow/models/dagbag.py", line 326, in parse
    loader.exec_module(new_module)
  File "<frozen importlib._bootstrap_external>", line 728, in exec_module
  File "<frozen importlib._bootstrap>", line 219, in _call_with_frames_removed
  File "/opt/airflow/dags/copy_db_dag.py", line 8, in <module>
    from ddp_airflow.src.copy_file import perform_copy_data
ModuleNotFoundError: No module named 'ddp_airflow'
[2025-05-19T14:25:43.344+0000] {processor.py:770} WARNING - No viable dags retrieved from /opt/airflow/dags/copy_db_dag.py
[2025-05-19T14:25:43.535+0000] {processor.py:178} INFO - Processing /opt/airflow/dags/copy_db_dag.py took 0.204 seconds
[2025-05-19T14:26:14.284+0000] {processor.py:156} INFO - Started process (PID=560) to work on /opt/airflow/dags/copy_db_dag.py
[2025-05-19T14:26:14.285+0000] {processor.py:758} INFO - Processing file /opt/airflow/dags/copy_db_dag.py for tasks to queue
[2025-05-19T14:26:14.285+0000] {logging_mixin.py:117} INFO - [2025-05-19T14:26:14.285+0000] {dagbag.py:525} INFO - Filling up the DagBag from /opt/airflow/dags/copy_db_dag.py
[2025-05-19T14:26:14.290+0000] {logging_mixin.py:117} INFO - [2025-05-19T14:26:14.290+0000] {dagbag.py:330} ERROR - Failed to import: /opt/airflow/dags/copy_db_dag.py
Traceback (most recent call last):
  File "/home/airflow/.local/lib/python3.7/site-packages/airflow/models/dagbag.py", line 326, in parse
    loader.exec_module(new_module)
  File "<frozen importlib._bootstrap_external>", line 728, in exec_module
  File "<frozen importlib._bootstrap>", line 219, in _call_with_frames_removed
  File "/opt/airflow/dags/copy_db_dag.py", line 8, in <module>
    from ddp_airflow.src.copy_file import perform_copy_data
ModuleNotFoundError: No module named 'ddp_airflow'
[2025-05-19T14:26:14.291+0000] {processor.py:770} WARNING - No viable dags retrieved from /opt/airflow/dags/copy_db_dag.py
[2025-05-19T14:26:14.313+0000] {processor.py:178} INFO - Processing /opt/airflow/dags/copy_db_dag.py took 0.032 seconds
[2025-05-19T14:26:45.188+0000] {processor.py:156} INFO - Started process (PID=598) to work on /opt/airflow/dags/copy_db_dag.py
[2025-05-19T14:26:45.190+0000] {processor.py:758} INFO - Processing file /opt/airflow/dags/copy_db_dag.py for tasks to queue
[2025-05-19T14:26:45.191+0000] {logging_mixin.py:117} INFO - [2025-05-19T14:26:45.190+0000] {dagbag.py:525} INFO - Filling up the DagBag from /opt/airflow/dags/copy_db_dag.py
[2025-05-19T14:26:45.196+0000] {logging_mixin.py:117} INFO - [2025-05-19T14:26:45.195+0000] {dagbag.py:330} ERROR - Failed to import: /opt/airflow/dags/copy_db_dag.py
Traceback (most recent call last):
  File "/home/airflow/.local/lib/python3.7/site-packages/airflow/models/dagbag.py", line 326, in parse
    loader.exec_module(new_module)
  File "<frozen importlib._bootstrap_external>", line 728, in exec_module
  File "<frozen importlib._bootstrap>", line 219, in _call_with_frames_removed
  File "/opt/airflow/dags/copy_db_dag.py", line 8, in <module>
    from ddp_airflow.src.copy_file import perform_copy_data
ModuleNotFoundError: No module named 'ddp_airflow'
[2025-05-19T14:26:45.196+0000] {processor.py:770} WARNING - No viable dags retrieved from /opt/airflow/dags/copy_db_dag.py
[2025-05-19T14:26:45.217+0000] {processor.py:178} INFO - Processing /opt/airflow/dags/copy_db_dag.py took 0.032 seconds
[2025-05-19T14:27:15.926+0000] {processor.py:156} INFO - Started process (PID=635) to work on /opt/airflow/dags/copy_db_dag.py
[2025-05-19T14:27:15.927+0000] {processor.py:758} INFO - Processing file /opt/airflow/dags/copy_db_dag.py for tasks to queue
[2025-05-19T14:27:15.927+0000] {logging_mixin.py:117} INFO - [2025-05-19T14:27:15.927+0000] {dagbag.py:525} INFO - Filling up the DagBag from /opt/airflow/dags/copy_db_dag.py
[2025-05-19T14:27:15.932+0000] {logging_mixin.py:117} INFO - [2025-05-19T14:27:15.931+0000] {dagbag.py:330} ERROR - Failed to import: /opt/airflow/dags/copy_db_dag.py
Traceback (most recent call last):
  File "/home/airflow/.local/lib/python3.7/site-packages/airflow/models/dagbag.py", line 326, in parse
    loader.exec_module(new_module)
  File "<frozen importlib._bootstrap_external>", line 728, in exec_module
  File "<frozen importlib._bootstrap>", line 219, in _call_with_frames_removed
  File "/opt/airflow/dags/copy_db_dag.py", line 8, in <module>
    from ddp_airflow.src.copy_file import perform_copy_data
ModuleNotFoundError: No module named 'ddp_airflow'
[2025-05-19T14:27:15.932+0000] {processor.py:770} WARNING - No viable dags retrieved from /opt/airflow/dags/copy_db_dag.py
[2025-05-19T14:27:15.952+0000] {processor.py:178} INFO - Processing /opt/airflow/dags/copy_db_dag.py took 0.028 seconds
[2025-05-19T14:27:46.754+0000] {processor.py:156} INFO - Started process (PID=672) to work on /opt/airflow/dags/copy_db_dag.py
[2025-05-19T14:27:46.755+0000] {processor.py:758} INFO - Processing file /opt/airflow/dags/copy_db_dag.py for tasks to queue
[2025-05-19T14:27:46.756+0000] {logging_mixin.py:117} INFO - [2025-05-19T14:27:46.756+0000] {dagbag.py:525} INFO - Filling up the DagBag from /opt/airflow/dags/copy_db_dag.py
[2025-05-19T14:27:46.765+0000] {logging_mixin.py:117} INFO - [2025-05-19T14:27:46.764+0000] {dagbag.py:330} ERROR - Failed to import: /opt/airflow/dags/copy_db_dag.py
Traceback (most recent call last):
  File "/home/airflow/.local/lib/python3.7/site-packages/airflow/models/dagbag.py", line 326, in parse
    loader.exec_module(new_module)
  File "<frozen importlib._bootstrap_external>", line 728, in exec_module
  File "<frozen importlib._bootstrap>", line 219, in _call_with_frames_removed
  File "/opt/airflow/dags/copy_db_dag.py", line 8, in <module>
    from ddp_airflow.src.copy_file import perform_copy_data
ModuleNotFoundError: No module named 'ddp_airflow'
[2025-05-19T14:27:46.766+0000] {processor.py:770} WARNING - No viable dags retrieved from /opt/airflow/dags/copy_db_dag.py
[2025-05-19T14:27:46.809+0000] {processor.py:178} INFO - Processing /opt/airflow/dags/copy_db_dag.py took 0.058 seconds
[2025-05-19T14:28:17.536+0000] {processor.py:156} INFO - Started process (PID=707) to work on /opt/airflow/dags/copy_db_dag.py
[2025-05-19T14:28:17.540+0000] {processor.py:758} INFO - Processing file /opt/airflow/dags/copy_db_dag.py for tasks to queue
[2025-05-19T14:28:17.540+0000] {logging_mixin.py:117} INFO - [2025-05-19T14:28:17.540+0000] {dagbag.py:525} INFO - Filling up the DagBag from /opt/airflow/dags/copy_db_dag.py
[2025-05-19T14:28:17.545+0000] {logging_mixin.py:117} INFO - [2025-05-19T14:28:17.544+0000] {dagbag.py:330} ERROR - Failed to import: /opt/airflow/dags/copy_db_dag.py
Traceback (most recent call last):
  File "/home/airflow/.local/lib/python3.7/site-packages/airflow/models/dagbag.py", line 326, in parse
    loader.exec_module(new_module)
  File "<frozen importlib._bootstrap_external>", line 728, in exec_module
  File "<frozen importlib._bootstrap>", line 219, in _call_with_frames_removed
  File "/opt/airflow/dags/copy_db_dag.py", line 8, in <module>
    from ddp_airflow.src.copy_file import perform_copy_data
ModuleNotFoundError: No module named 'ddp_airflow'
[2025-05-19T14:28:17.545+0000] {processor.py:770} WARNING - No viable dags retrieved from /opt/airflow/dags/copy_db_dag.py
[2025-05-19T14:28:17.604+0000] {processor.py:178} INFO - Processing /opt/airflow/dags/copy_db_dag.py took 0.070 seconds
[2025-05-19T14:28:48.156+0000] {processor.py:156} INFO - Started process (PID=736) to work on /opt/airflow/dags/copy_db_dag.py
[2025-05-19T14:28:48.157+0000] {processor.py:758} INFO - Processing file /opt/airflow/dags/copy_db_dag.py for tasks to queue
[2025-05-19T14:28:48.157+0000] {logging_mixin.py:117} INFO - [2025-05-19T14:28:48.157+0000] {dagbag.py:525} INFO - Filling up the DagBag from /opt/airflow/dags/copy_db_dag.py
[2025-05-19T14:28:48.163+0000] {logging_mixin.py:117} INFO - [2025-05-19T14:28:48.162+0000] {dagbag.py:330} ERROR - Failed to import: /opt/airflow/dags/copy_db_dag.py
Traceback (most recent call last):
  File "/home/airflow/.local/lib/python3.7/site-packages/airflow/models/dagbag.py", line 326, in parse
    loader.exec_module(new_module)
  File "<frozen importlib._bootstrap_external>", line 728, in exec_module
  File "<frozen importlib._bootstrap>", line 219, in _call_with_frames_removed
  File "/opt/airflow/dags/copy_db_dag.py", line 8, in <module>
    from ddp_airflow.src.copy_file import perform_copy_data
ModuleNotFoundError: No module named 'ddp_airflow'
[2025-05-19T14:28:48.163+0000] {processor.py:770} WARNING - No viable dags retrieved from /opt/airflow/dags/copy_db_dag.py
[2025-05-19T14:28:48.185+0000] {processor.py:178} INFO - Processing /opt/airflow/dags/copy_db_dag.py took 0.033 seconds
[2025-05-19T14:29:18.865+0000] {processor.py:156} INFO - Started process (PID=773) to work on /opt/airflow/dags/copy_db_dag.py
[2025-05-19T14:29:18.867+0000] {processor.py:758} INFO - Processing file /opt/airflow/dags/copy_db_dag.py for tasks to queue
[2025-05-19T14:29:18.868+0000] {logging_mixin.py:117} INFO - [2025-05-19T14:29:18.868+0000] {dagbag.py:525} INFO - Filling up the DagBag from /opt/airflow/dags/copy_db_dag.py
[2025-05-19T14:29:18.877+0000] {logging_mixin.py:117} INFO - [2025-05-19T14:29:18.876+0000] {dagbag.py:330} ERROR - Failed to import: /opt/airflow/dags/copy_db_dag.py
Traceback (most recent call last):
  File "/home/airflow/.local/lib/python3.7/site-packages/airflow/models/dagbag.py", line 326, in parse
    loader.exec_module(new_module)
  File "<frozen importlib._bootstrap_external>", line 728, in exec_module
  File "<frozen importlib._bootstrap>", line 219, in _call_with_frames_removed
  File "/opt/airflow/dags/copy_db_dag.py", line 8, in <module>
    from ddp_airflow.src.copy_file import perform_copy_data
ModuleNotFoundError: No module named 'ddp_airflow'
[2025-05-19T14:29:18.877+0000] {processor.py:770} WARNING - No viable dags retrieved from /opt/airflow/dags/copy_db_dag.py
[2025-05-19T14:29:18.897+0000] {processor.py:178} INFO - Processing /opt/airflow/dags/copy_db_dag.py took 0.034 seconds
[2025-05-19T14:29:49.591+0000] {processor.py:156} INFO - Started process (PID=810) to work on /opt/airflow/dags/copy_db_dag.py
[2025-05-19T14:29:49.591+0000] {processor.py:758} INFO - Processing file /opt/airflow/dags/copy_db_dag.py for tasks to queue
[2025-05-19T14:29:49.592+0000] {logging_mixin.py:117} INFO - [2025-05-19T14:29:49.592+0000] {dagbag.py:525} INFO - Filling up the DagBag from /opt/airflow/dags/copy_db_dag.py
[2025-05-19T14:29:49.599+0000] {logging_mixin.py:117} INFO - [2025-05-19T14:29:49.597+0000] {dagbag.py:330} ERROR - Failed to import: /opt/airflow/dags/copy_db_dag.py
Traceback (most recent call last):
  File "/home/airflow/.local/lib/python3.7/site-packages/airflow/models/dagbag.py", line 326, in parse
    loader.exec_module(new_module)
  File "<frozen importlib._bootstrap_external>", line 728, in exec_module
  File "<frozen importlib._bootstrap>", line 219, in _call_with_frames_removed
  File "/opt/airflow/dags/copy_db_dag.py", line 8, in <module>
    from ddp_airflow.src.copy_file import perform_copy_data
ModuleNotFoundError: No module named 'ddp_airflow'
[2025-05-19T14:29:49.599+0000] {processor.py:770} WARNING - No viable dags retrieved from /opt/airflow/dags/copy_db_dag.py
[2025-05-19T14:29:49.624+0000] {processor.py:178} INFO - Processing /opt/airflow/dags/copy_db_dag.py took 0.037 seconds
[2025-05-19T14:30:20.496+0000] {processor.py:156} INFO - Started process (PID=846) to work on /opt/airflow/dags/copy_db_dag.py
[2025-05-19T14:30:20.497+0000] {processor.py:758} INFO - Processing file /opt/airflow/dags/copy_db_dag.py for tasks to queue
[2025-05-19T14:30:20.498+0000] {logging_mixin.py:117} INFO - [2025-05-19T14:30:20.498+0000] {dagbag.py:525} INFO - Filling up the DagBag from /opt/airflow/dags/copy_db_dag.py
[2025-05-19T14:30:20.503+0000] {logging_mixin.py:117} INFO - [2025-05-19T14:30:20.502+0000] {dagbag.py:330} ERROR - Failed to import: /opt/airflow/dags/copy_db_dag.py
Traceback (most recent call last):
  File "/home/airflow/.local/lib/python3.7/site-packages/airflow/models/dagbag.py", line 326, in parse
    loader.exec_module(new_module)
  File "<frozen importlib._bootstrap_external>", line 728, in exec_module
  File "<frozen importlib._bootstrap>", line 219, in _call_with_frames_removed
  File "/opt/airflow/dags/copy_db_dag.py", line 8, in <module>
    from ddp_airflow.src.copy_file import perform_copy_data
ModuleNotFoundError: No module named 'ddp_airflow'
[2025-05-19T14:30:20.504+0000] {processor.py:770} WARNING - No viable dags retrieved from /opt/airflow/dags/copy_db_dag.py
[2025-05-19T14:30:20.523+0000] {processor.py:178} INFO - Processing /opt/airflow/dags/copy_db_dag.py took 0.029 seconds
[2025-05-19T14:30:51.538+0000] {processor.py:156} INFO - Started process (PID=884) to work on /opt/airflow/dags/copy_db_dag.py
[2025-05-19T14:30:51.539+0000] {processor.py:758} INFO - Processing file /opt/airflow/dags/copy_db_dag.py for tasks to queue
[2025-05-19T14:30:51.539+0000] {logging_mixin.py:117} INFO - [2025-05-19T14:30:51.539+0000] {dagbag.py:525} INFO - Filling up the DagBag from /opt/airflow/dags/copy_db_dag.py
[2025-05-19T14:30:51.547+0000] {logging_mixin.py:117} INFO - [2025-05-19T14:30:51.546+0000] {dagbag.py:330} ERROR - Failed to import: /opt/airflow/dags/copy_db_dag.py
Traceback (most recent call last):
  File "/home/airflow/.local/lib/python3.7/site-packages/airflow/models/dagbag.py", line 326, in parse
    loader.exec_module(new_module)
  File "<frozen importlib._bootstrap_external>", line 728, in exec_module
  File "<frozen importlib._bootstrap>", line 219, in _call_with_frames_removed
  File "/opt/airflow/dags/copy_db_dag.py", line 8, in <module>
    from ddp_airflow.src.copy_file import perform_copy_data
ModuleNotFoundError: No module named 'ddp_airflow'
[2025-05-19T14:30:51.547+0000] {processor.py:770} WARNING - No viable dags retrieved from /opt/airflow/dags/copy_db_dag.py
[2025-05-19T14:30:51.573+0000] {processor.py:178} INFO - Processing /opt/airflow/dags/copy_db_dag.py took 0.038 seconds
[2025-05-19T14:31:22.118+0000] {processor.py:156} INFO - Started process (PID=921) to work on /opt/airflow/dags/copy_db_dag.py
[2025-05-19T14:31:22.120+0000] {processor.py:758} INFO - Processing file /opt/airflow/dags/copy_db_dag.py for tasks to queue
[2025-05-19T14:31:22.120+0000] {logging_mixin.py:117} INFO - [2025-05-19T14:31:22.120+0000] {dagbag.py:525} INFO - Filling up the DagBag from /opt/airflow/dags/copy_db_dag.py
[2025-05-19T14:31:22.127+0000] {logging_mixin.py:117} INFO - [2025-05-19T14:31:22.126+0000] {dagbag.py:330} ERROR - Failed to import: /opt/airflow/dags/copy_db_dag.py
Traceback (most recent call last):
  File "/home/airflow/.local/lib/python3.7/site-packages/airflow/models/dagbag.py", line 326, in parse
    loader.exec_module(new_module)
  File "<frozen importlib._bootstrap_external>", line 728, in exec_module
  File "<frozen importlib._bootstrap>", line 219, in _call_with_frames_removed
  File "/opt/airflow/dags/copy_db_dag.py", line 8, in <module>
    from ddp_airflow.src.copy_file import perform_copy_data
ModuleNotFoundError: No module named 'ddp_airflow'
[2025-05-19T14:31:22.127+0000] {processor.py:770} WARNING - No viable dags retrieved from /opt/airflow/dags/copy_db_dag.py
[2025-05-19T14:31:22.142+0000] {processor.py:178} INFO - Processing /opt/airflow/dags/copy_db_dag.py took 0.026 seconds
[2025-05-19T14:31:52.884+0000] {processor.py:156} INFO - Started process (PID=958) to work on /opt/airflow/dags/copy_db_dag.py
[2025-05-19T14:31:52.886+0000] {processor.py:758} INFO - Processing file /opt/airflow/dags/copy_db_dag.py for tasks to queue
[2025-05-19T14:31:52.886+0000] {logging_mixin.py:117} INFO - [2025-05-19T14:31:52.886+0000] {dagbag.py:525} INFO - Filling up the DagBag from /opt/airflow/dags/copy_db_dag.py
[2025-05-19T14:31:52.892+0000] {logging_mixin.py:117} INFO - [2025-05-19T14:31:52.891+0000] {dagbag.py:330} ERROR - Failed to import: /opt/airflow/dags/copy_db_dag.py
Traceback (most recent call last):
  File "/home/airflow/.local/lib/python3.7/site-packages/airflow/models/dagbag.py", line 326, in parse
    loader.exec_module(new_module)
  File "<frozen importlib._bootstrap_external>", line 728, in exec_module
  File "<frozen importlib._bootstrap>", line 219, in _call_with_frames_removed
  File "/opt/airflow/dags/copy_db_dag.py", line 8, in <module>
    from ddp_airflow.src.copy_file import perform_copy_data
ModuleNotFoundError: No module named 'ddp_airflow'
[2025-05-19T14:31:52.892+0000] {processor.py:770} WARNING - No viable dags retrieved from /opt/airflow/dags/copy_db_dag.py
[2025-05-19T14:31:52.909+0000] {processor.py:178} INFO - Processing /opt/airflow/dags/copy_db_dag.py took 0.027 seconds
[2025-05-19T14:32:23.584+0000] {processor.py:156} INFO - Started process (PID=994) to work on /opt/airflow/dags/copy_db_dag.py
[2025-05-19T14:32:23.585+0000] {processor.py:758} INFO - Processing file /opt/airflow/dags/copy_db_dag.py for tasks to queue
[2025-05-19T14:32:23.585+0000] {logging_mixin.py:117} INFO - [2025-05-19T14:32:23.585+0000] {dagbag.py:525} INFO - Filling up the DagBag from /opt/airflow/dags/copy_db_dag.py
[2025-05-19T14:32:23.593+0000] {logging_mixin.py:117} INFO - [2025-05-19T14:32:23.592+0000] {dagbag.py:330} ERROR - Failed to import: /opt/airflow/dags/copy_db_dag.py
Traceback (most recent call last):
  File "/home/airflow/.local/lib/python3.7/site-packages/airflow/models/dagbag.py", line 326, in parse
    loader.exec_module(new_module)
  File "<frozen importlib._bootstrap_external>", line 728, in exec_module
  File "<frozen importlib._bootstrap>", line 219, in _call_with_frames_removed
  File "/opt/airflow/dags/copy_db_dag.py", line 8, in <module>
    from ddp_airflow.src.copy_file import perform_copy_data
ModuleNotFoundError: No module named 'ddp_airflow'
[2025-05-19T14:32:23.594+0000] {processor.py:770} WARNING - No viable dags retrieved from /opt/airflow/dags/copy_db_dag.py
[2025-05-19T14:32:23.613+0000] {processor.py:178} INFO - Processing /opt/airflow/dags/copy_db_dag.py took 0.036 seconds
[2025-05-19T14:32:54.222+0000] {processor.py:156} INFO - Started process (PID=1032) to work on /opt/airflow/dags/copy_db_dag.py
[2025-05-19T14:32:54.223+0000] {processor.py:758} INFO - Processing file /opt/airflow/dags/copy_db_dag.py for tasks to queue
[2025-05-19T14:32:54.224+0000] {logging_mixin.py:117} INFO - [2025-05-19T14:32:54.223+0000] {dagbag.py:525} INFO - Filling up the DagBag from /opt/airflow/dags/copy_db_dag.py
[2025-05-19T14:32:54.228+0000] {logging_mixin.py:117} INFO - [2025-05-19T14:32:54.227+0000] {dagbag.py:330} ERROR - Failed to import: /opt/airflow/dags/copy_db_dag.py
Traceback (most recent call last):
  File "/home/airflow/.local/lib/python3.7/site-packages/airflow/models/dagbag.py", line 326, in parse
    loader.exec_module(new_module)
  File "<frozen importlib._bootstrap_external>", line 728, in exec_module
  File "<frozen importlib._bootstrap>", line 219, in _call_with_frames_removed
  File "/opt/airflow/dags/copy_db_dag.py", line 8, in <module>
    from ddp_airflow.src.copy_file import perform_copy_data
ModuleNotFoundError: No module named 'ddp_airflow'
[2025-05-19T14:32:54.228+0000] {processor.py:770} WARNING - No viable dags retrieved from /opt/airflow/dags/copy_db_dag.py
[2025-05-19T14:32:54.248+0000] {processor.py:178} INFO - Processing /opt/airflow/dags/copy_db_dag.py took 0.028 seconds
[2025-05-19T14:33:24.856+0000] {processor.py:156} INFO - Started process (PID=1069) to work on /opt/airflow/dags/copy_db_dag.py
[2025-05-19T14:33:24.856+0000] {processor.py:758} INFO - Processing file /opt/airflow/dags/copy_db_dag.py for tasks to queue
[2025-05-19T14:33:24.857+0000] {logging_mixin.py:117} INFO - [2025-05-19T14:33:24.857+0000] {dagbag.py:525} INFO - Filling up the DagBag from /opt/airflow/dags/copy_db_dag.py
[2025-05-19T14:33:24.863+0000] {logging_mixin.py:117} INFO - [2025-05-19T14:33:24.862+0000] {dagbag.py:330} ERROR - Failed to import: /opt/airflow/dags/copy_db_dag.py
Traceback (most recent call last):
  File "/home/airflow/.local/lib/python3.7/site-packages/airflow/models/dagbag.py", line 326, in parse
    loader.exec_module(new_module)
  File "<frozen importlib._bootstrap_external>", line 728, in exec_module
  File "<frozen importlib._bootstrap>", line 219, in _call_with_frames_removed
  File "/opt/airflow/dags/copy_db_dag.py", line 8, in <module>
    from ddp_airflow.src.copy_file import perform_copy_data
ModuleNotFoundError: No module named 'ddp_airflow'
[2025-05-19T14:33:24.864+0000] {processor.py:770} WARNING - No viable dags retrieved from /opt/airflow/dags/copy_db_dag.py
[2025-05-19T14:33:24.883+0000] {processor.py:178} INFO - Processing /opt/airflow/dags/copy_db_dag.py took 0.032 seconds
[2025-05-19T14:33:55.421+0000] {processor.py:156} INFO - Started process (PID=1106) to work on /opt/airflow/dags/copy_db_dag.py
[2025-05-19T14:33:55.422+0000] {processor.py:758} INFO - Processing file /opt/airflow/dags/copy_db_dag.py for tasks to queue
[2025-05-19T14:33:55.422+0000] {logging_mixin.py:117} INFO - [2025-05-19T14:33:55.422+0000] {dagbag.py:525} INFO - Filling up the DagBag from /opt/airflow/dags/copy_db_dag.py
[2025-05-19T14:33:55.427+0000] {logging_mixin.py:117} INFO - [2025-05-19T14:33:55.427+0000] {dagbag.py:330} ERROR - Failed to import: /opt/airflow/dags/copy_db_dag.py
Traceback (most recent call last):
  File "/home/airflow/.local/lib/python3.7/site-packages/airflow/models/dagbag.py", line 326, in parse
    loader.exec_module(new_module)
  File "<frozen importlib._bootstrap_external>", line 728, in exec_module
  File "<frozen importlib._bootstrap>", line 219, in _call_with_frames_removed
  File "/opt/airflow/dags/copy_db_dag.py", line 8, in <module>
    from ddp_airflow.src.copy_file import perform_copy_data
ModuleNotFoundError: No module named 'ddp_airflow'
[2025-05-19T14:33:55.428+0000] {processor.py:770} WARNING - No viable dags retrieved from /opt/airflow/dags/copy_db_dag.py
[2025-05-19T14:33:55.448+0000] {processor.py:178} INFO - Processing /opt/airflow/dags/copy_db_dag.py took 0.030 seconds
[2025-05-19T14:34:26.105+0000] {processor.py:156} INFO - Started process (PID=1143) to work on /opt/airflow/dags/copy_db_dag.py
[2025-05-19T14:34:26.106+0000] {processor.py:758} INFO - Processing file /opt/airflow/dags/copy_db_dag.py for tasks to queue
[2025-05-19T14:34:26.106+0000] {logging_mixin.py:117} INFO - [2025-05-19T14:34:26.106+0000] {dagbag.py:525} INFO - Filling up the DagBag from /opt/airflow/dags/copy_db_dag.py
[2025-05-19T14:34:26.111+0000] {logging_mixin.py:117} INFO - [2025-05-19T14:34:26.111+0000] {dagbag.py:330} ERROR - Failed to import: /opt/airflow/dags/copy_db_dag.py
Traceback (most recent call last):
  File "/home/airflow/.local/lib/python3.7/site-packages/airflow/models/dagbag.py", line 326, in parse
    loader.exec_module(new_module)
  File "<frozen importlib._bootstrap_external>", line 728, in exec_module
  File "<frozen importlib._bootstrap>", line 219, in _call_with_frames_removed
  File "/opt/airflow/dags/copy_db_dag.py", line 8, in <module>
    from ddp_airflow.src.copy_file import perform_copy_data
ModuleNotFoundError: No module named 'ddp_airflow'
[2025-05-19T14:34:26.112+0000] {processor.py:770} WARNING - No viable dags retrieved from /opt/airflow/dags/copy_db_dag.py
[2025-05-19T14:34:26.132+0000] {processor.py:178} INFO - Processing /opt/airflow/dags/copy_db_dag.py took 0.030 seconds
[2025-05-19T14:34:56.561+0000] {processor.py:156} INFO - Started process (PID=1180) to work on /opt/airflow/dags/copy_db_dag.py
[2025-05-19T14:34:56.563+0000] {processor.py:758} INFO - Processing file /opt/airflow/dags/copy_db_dag.py for tasks to queue
[2025-05-19T14:34:56.564+0000] {logging_mixin.py:117} INFO - [2025-05-19T14:34:56.563+0000] {dagbag.py:525} INFO - Filling up the DagBag from /opt/airflow/dags/copy_db_dag.py
[2025-05-19T14:34:56.569+0000] {logging_mixin.py:117} INFO - [2025-05-19T14:34:56.569+0000] {dagbag.py:330} ERROR - Failed to import: /opt/airflow/dags/copy_db_dag.py
Traceback (most recent call last):
  File "/home/airflow/.local/lib/python3.7/site-packages/airflow/models/dagbag.py", line 326, in parse
    loader.exec_module(new_module)
  File "<frozen importlib._bootstrap_external>", line 728, in exec_module
  File "<frozen importlib._bootstrap>", line 219, in _call_with_frames_removed
  File "/opt/airflow/dags/copy_db_dag.py", line 8, in <module>
    from ddp_airflow.src.copy_file import perform_copy_data
ModuleNotFoundError: No module named 'ddp_airflow'
[2025-05-19T14:34:56.570+0000] {processor.py:770} WARNING - No viable dags retrieved from /opt/airflow/dags/copy_db_dag.py
[2025-05-19T14:34:56.587+0000] {processor.py:178} INFO - Processing /opt/airflow/dags/copy_db_dag.py took 0.031 seconds
[2025-05-19T14:35:27.241+0000] {processor.py:156} INFO - Started process (PID=1217) to work on /opt/airflow/dags/copy_db_dag.py
[2025-05-19T14:35:27.245+0000] {processor.py:758} INFO - Processing file /opt/airflow/dags/copy_db_dag.py for tasks to queue
[2025-05-19T14:35:27.245+0000] {logging_mixin.py:117} INFO - [2025-05-19T14:35:27.245+0000] {dagbag.py:525} INFO - Filling up the DagBag from /opt/airflow/dags/copy_db_dag.py
[2025-05-19T14:35:27.254+0000] {logging_mixin.py:117} INFO - [2025-05-19T14:35:27.253+0000] {dagbag.py:330} ERROR - Failed to import: /opt/airflow/dags/copy_db_dag.py
Traceback (most recent call last):
  File "/home/airflow/.local/lib/python3.7/site-packages/airflow/models/dagbag.py", line 326, in parse
    loader.exec_module(new_module)
  File "<frozen importlib._bootstrap_external>", line 728, in exec_module
  File "<frozen importlib._bootstrap>", line 219, in _call_with_frames_removed
  File "/opt/airflow/dags/copy_db_dag.py", line 8, in <module>
    from ddp_airflow.src.copy_file import perform_copy_data
ModuleNotFoundError: No module named 'ddp_airflow'
[2025-05-19T14:35:27.255+0000] {processor.py:770} WARNING - No viable dags retrieved from /opt/airflow/dags/copy_db_dag.py
[2025-05-19T14:35:27.284+0000] {processor.py:178} INFO - Processing /opt/airflow/dags/copy_db_dag.py took 0.045 seconds
[2025-05-19T14:35:57.835+0000] {processor.py:156} INFO - Started process (PID=1254) to work on /opt/airflow/dags/copy_db_dag.py
[2025-05-19T14:35:57.837+0000] {processor.py:758} INFO - Processing file /opt/airflow/dags/copy_db_dag.py for tasks to queue
[2025-05-19T14:35:57.837+0000] {logging_mixin.py:117} INFO - [2025-05-19T14:35:57.837+0000] {dagbag.py:525} INFO - Filling up the DagBag from /opt/airflow/dags/copy_db_dag.py
[2025-05-19T14:35:57.842+0000] {logging_mixin.py:117} INFO - [2025-05-19T14:35:57.841+0000] {dagbag.py:330} ERROR - Failed to import: /opt/airflow/dags/copy_db_dag.py
Traceback (most recent call last):
  File "/home/airflow/.local/lib/python3.7/site-packages/airflow/models/dagbag.py", line 326, in parse
    loader.exec_module(new_module)
  File "<frozen importlib._bootstrap_external>", line 728, in exec_module
  File "<frozen importlib._bootstrap>", line 219, in _call_with_frames_removed
  File "/opt/airflow/dags/copy_db_dag.py", line 8, in <module>
    from ddp_airflow.src.copy_file import perform_copy_data
ModuleNotFoundError: No module named 'ddp_airflow'
[2025-05-19T14:35:57.842+0000] {processor.py:770} WARNING - No viable dags retrieved from /opt/airflow/dags/copy_db_dag.py
[2025-05-19T14:35:57.863+0000] {processor.py:178} INFO - Processing /opt/airflow/dags/copy_db_dag.py took 0.029 seconds
[2025-05-19T14:36:28.467+0000] {processor.py:156} INFO - Started process (PID=1291) to work on /opt/airflow/dags/copy_db_dag.py
[2025-05-19T14:36:28.471+0000] {processor.py:758} INFO - Processing file /opt/airflow/dags/copy_db_dag.py for tasks to queue
[2025-05-19T14:36:28.471+0000] {logging_mixin.py:117} INFO - [2025-05-19T14:36:28.471+0000] {dagbag.py:525} INFO - Filling up the DagBag from /opt/airflow/dags/copy_db_dag.py
[2025-05-19T14:36:28.478+0000] {logging_mixin.py:117} INFO - [2025-05-19T14:36:28.477+0000] {dagbag.py:330} ERROR - Failed to import: /opt/airflow/dags/copy_db_dag.py
Traceback (most recent call last):
  File "/home/airflow/.local/lib/python3.7/site-packages/airflow/models/dagbag.py", line 326, in parse
    loader.exec_module(new_module)
  File "<frozen importlib._bootstrap_external>", line 728, in exec_module
  File "<frozen importlib._bootstrap>", line 219, in _call_with_frames_removed
  File "/opt/airflow/dags/copy_db_dag.py", line 8, in <module>
    from ddp_airflow.src.copy_file import perform_copy_data
ModuleNotFoundError: No module named 'ddp_airflow'
[2025-05-19T14:36:28.478+0000] {processor.py:770} WARNING - No viable dags retrieved from /opt/airflow/dags/copy_db_dag.py
[2025-05-19T14:36:28.504+0000] {processor.py:178} INFO - Processing /opt/airflow/dags/copy_db_dag.py took 0.041 seconds
[2025-05-19T14:42:07.548+0000] {processor.py:156} INFO - Started process (PID=187) to work on /opt/airflow/dags/copy_db_dag.py
[2025-05-19T14:42:07.549+0000] {processor.py:758} INFO - Processing file /opt/airflow/dags/copy_db_dag.py for tasks to queue
[2025-05-19T14:42:07.550+0000] {logging_mixin.py:117} INFO - [2025-05-19T14:42:07.550+0000] {dagbag.py:525} INFO - Filling up the DagBag from /opt/airflow/dags/copy_db_dag.py
[2025-05-19T14:42:07.558+0000] {logging_mixin.py:117} INFO - [2025-05-19T14:42:07.558+0000] {dagbag.py:330} ERROR - Failed to import: /opt/airflow/dags/copy_db_dag.py
Traceback (most recent call last):
  File "/home/airflow/.local/lib/python3.7/site-packages/airflow/models/dagbag.py", line 326, in parse
    loader.exec_module(new_module)
  File "<frozen importlib._bootstrap_external>", line 728, in exec_module
  File "<frozen importlib._bootstrap>", line 219, in _call_with_frames_removed
  File "/opt/airflow/dags/copy_db_dag.py", line 8, in <module>
    from ddp_airflow.src.copy_file import perform_copy_data
ModuleNotFoundError: No module named 'ddp_airflow'
[2025-05-19T14:42:07.559+0000] {processor.py:770} WARNING - No viable dags retrieved from /opt/airflow/dags/copy_db_dag.py
[2025-05-19T14:42:07.575+0000] {processor.py:178} INFO - Processing /opt/airflow/dags/copy_db_dag.py took 0.029 seconds
[2025-05-19T14:42:38.103+0000] {processor.py:156} INFO - Started process (PID=224) to work on /opt/airflow/dags/copy_db_dag.py
[2025-05-19T14:42:38.104+0000] {processor.py:758} INFO - Processing file /opt/airflow/dags/copy_db_dag.py for tasks to queue
[2025-05-19T14:42:38.105+0000] {logging_mixin.py:117} INFO - [2025-05-19T14:42:38.104+0000] {dagbag.py:525} INFO - Filling up the DagBag from /opt/airflow/dags/copy_db_dag.py
[2025-05-19T14:42:38.113+0000] {logging_mixin.py:117} INFO - [2025-05-19T14:42:38.112+0000] {dagbag.py:330} ERROR - Failed to import: /opt/airflow/dags/copy_db_dag.py
Traceback (most recent call last):
  File "/home/airflow/.local/lib/python3.7/site-packages/airflow/models/dagbag.py", line 326, in parse
    loader.exec_module(new_module)
  File "<frozen importlib._bootstrap_external>", line 728, in exec_module
  File "<frozen importlib._bootstrap>", line 219, in _call_with_frames_removed
  File "/opt/airflow/dags/copy_db_dag.py", line 8, in <module>
    from ddp_airflow.src.copy_file import perform_copy_data
ModuleNotFoundError: No module named 'ddp_airflow'
[2025-05-19T14:42:38.113+0000] {processor.py:770} WARNING - No viable dags retrieved from /opt/airflow/dags/copy_db_dag.py
[2025-05-19T14:42:38.133+0000] {processor.py:178} INFO - Processing /opt/airflow/dags/copy_db_dag.py took 0.037 seconds
[2025-05-19T14:43:08.755+0000] {processor.py:156} INFO - Started process (PID=263) to work on /opt/airflow/dags/copy_db_dag.py
[2025-05-19T14:43:08.758+0000] {processor.py:758} INFO - Processing file /opt/airflow/dags/copy_db_dag.py for tasks to queue
[2025-05-19T14:43:08.758+0000] {logging_mixin.py:117} INFO - [2025-05-19T14:43:08.758+0000] {dagbag.py:525} INFO - Filling up the DagBag from /opt/airflow/dags/copy_db_dag.py
[2025-05-19T14:43:08.768+0000] {logging_mixin.py:117} INFO - [2025-05-19T14:43:08.767+0000] {dagbag.py:330} ERROR - Failed to import: /opt/airflow/dags/copy_db_dag.py
Traceback (most recent call last):
  File "/home/airflow/.local/lib/python3.7/site-packages/airflow/models/dagbag.py", line 326, in parse
    loader.exec_module(new_module)
  File "<frozen importlib._bootstrap_external>", line 728, in exec_module
  File "<frozen importlib._bootstrap>", line 219, in _call_with_frames_removed
  File "/opt/airflow/dags/copy_db_dag.py", line 8, in <module>
    from ddp_airflow.src.copy_file import perform_copy_data
ModuleNotFoundError: No module named 'ddp_airflow'
[2025-05-19T14:43:08.769+0000] {processor.py:770} WARNING - No viable dags retrieved from /opt/airflow/dags/copy_db_dag.py
[2025-05-19T14:43:08.786+0000] {processor.py:178} INFO - Processing /opt/airflow/dags/copy_db_dag.py took 0.036 seconds
[2025-05-19T14:43:39.860+0000] {processor.py:156} INFO - Started process (PID=300) to work on /opt/airflow/dags/copy_db_dag.py
[2025-05-19T14:43:39.861+0000] {processor.py:758} INFO - Processing file /opt/airflow/dags/copy_db_dag.py for tasks to queue
[2025-05-19T14:43:39.861+0000] {logging_mixin.py:117} INFO - [2025-05-19T14:43:39.861+0000] {dagbag.py:525} INFO - Filling up the DagBag from /opt/airflow/dags/copy_db_dag.py
[2025-05-19T14:43:39.868+0000] {logging_mixin.py:117} INFO - [2025-05-19T14:43:39.868+0000] {dagbag.py:330} ERROR - Failed to import: /opt/airflow/dags/copy_db_dag.py
Traceback (most recent call last):
  File "/home/airflow/.local/lib/python3.7/site-packages/airflow/models/dagbag.py", line 326, in parse
    loader.exec_module(new_module)
  File "<frozen importlib._bootstrap_external>", line 728, in exec_module
  File "<frozen importlib._bootstrap>", line 219, in _call_with_frames_removed
  File "/opt/airflow/dags/copy_db_dag.py", line 8, in <module>
    from ddp_airflow.src.copy_file import perform_copy_data
ModuleNotFoundError: No module named 'ddp_airflow'
[2025-05-19T14:43:39.868+0000] {processor.py:770} WARNING - No viable dags retrieved from /opt/airflow/dags/copy_db_dag.py
[2025-05-19T14:43:39.892+0000] {processor.py:178} INFO - Processing /opt/airflow/dags/copy_db_dag.py took 0.034 seconds
[2025-05-19T14:44:10.289+0000] {processor.py:156} INFO - Started process (PID=337) to work on /opt/airflow/dags/copy_db_dag.py
[2025-05-19T14:44:10.290+0000] {processor.py:758} INFO - Processing file /opt/airflow/dags/copy_db_dag.py for tasks to queue
[2025-05-19T14:44:10.291+0000] {logging_mixin.py:117} INFO - [2025-05-19T14:44:10.291+0000] {dagbag.py:525} INFO - Filling up the DagBag from /opt/airflow/dags/copy_db_dag.py
[2025-05-19T14:44:10.298+0000] {logging_mixin.py:117} INFO - [2025-05-19T14:44:10.298+0000] {dagbag.py:330} ERROR - Failed to import: /opt/airflow/dags/copy_db_dag.py
Traceback (most recent call last):
  File "/home/airflow/.local/lib/python3.7/site-packages/airflow/models/dagbag.py", line 326, in parse
    loader.exec_module(new_module)
  File "<frozen importlib._bootstrap_external>", line 728, in exec_module
  File "<frozen importlib._bootstrap>", line 219, in _call_with_frames_removed
  File "/opt/airflow/dags/copy_db_dag.py", line 8, in <module>
    from ddp_airflow.src.copy_file import perform_copy_data
ModuleNotFoundError: No module named 'ddp_airflow'
[2025-05-19T14:44:10.299+0000] {processor.py:770} WARNING - No viable dags retrieved from /opt/airflow/dags/copy_db_dag.py
[2025-05-19T14:44:10.328+0000] {processor.py:178} INFO - Processing /opt/airflow/dags/copy_db_dag.py took 0.041 seconds
[2025-05-19T14:44:40.892+0000] {processor.py:156} INFO - Started process (PID=374) to work on /opt/airflow/dags/copy_db_dag.py
[2025-05-19T14:44:40.905+0000] {processor.py:758} INFO - Processing file /opt/airflow/dags/copy_db_dag.py for tasks to queue
[2025-05-19T14:44:40.906+0000] {logging_mixin.py:117} INFO - [2025-05-19T14:44:40.906+0000] {dagbag.py:525} INFO - Filling up the DagBag from /opt/airflow/dags/copy_db_dag.py
[2025-05-19T14:44:40.913+0000] {logging_mixin.py:117} INFO - [2025-05-19T14:44:40.913+0000] {dagbag.py:330} ERROR - Failed to import: /opt/airflow/dags/copy_db_dag.py
Traceback (most recent call last):
  File "/home/airflow/.local/lib/python3.7/site-packages/airflow/models/dagbag.py", line 326, in parse
    loader.exec_module(new_module)
  File "<frozen importlib._bootstrap_external>", line 728, in exec_module
  File "<frozen importlib._bootstrap>", line 219, in _call_with_frames_removed
  File "/opt/airflow/dags/copy_db_dag.py", line 8, in <module>
    from ddp_airflow.src.copy_file import perform_copy_data
ModuleNotFoundError: No module named 'ddp_airflow'
[2025-05-19T14:44:40.914+0000] {processor.py:770} WARNING - No viable dags retrieved from /opt/airflow/dags/copy_db_dag.py
[2025-05-19T14:44:40.944+0000] {processor.py:178} INFO - Processing /opt/airflow/dags/copy_db_dag.py took 0.054 seconds
