[2025-05-19T13:54:22.785+0000] {processor.py:156} INFO - Started process (PID=187) to work on /opt/airflow/dags/minimization_dag.py
[2025-05-19T13:54:22.786+0000] {processor.py:758} INFO - Processing file /opt/airflow/dags/minimization_dag.py for tasks to queue
[2025-05-19T13:54:22.787+0000] {logging_mixin.py:117} INFO - [2025-05-19T13:54:22.786+0000] {dagbag.py:525} INFO - Filling up the DagBag from /opt/airflow/dags/minimization_dag.py
[2025-05-19T13:54:22.792+0000] {logging_mixin.py:117} INFO - [2025-05-19T13:54:22.791+0000] {dagbag.py:330} ERROR - Failed to import: /opt/airflow/dags/minimization_dag.py
Traceback (most recent call last):
  File "/home/airflow/.local/lib/python3.7/site-packages/airflow/models/dagbag.py", line 326, in parse
    loader.exec_module(new_module)
  File "<frozen importlib._bootstrap_external>", line 728, in exec_module
  File "<frozen importlib._bootstrap>", line 219, in _call_with_frames_removed
  File "/opt/airflow/dags/minimization_dag.py", line 2, in <module>
    from airflow.providers.standard.operators.python import PythonOperator
ModuleNotFoundError: No module named 'airflow.providers.standard'
[2025-05-19T13:54:22.792+0000] {processor.py:770} WARNING - No viable dags retrieved from /opt/airflow/dags/minimization_dag.py
[2025-05-19T13:54:22.826+0000] {processor.py:178} INFO - Processing /opt/airflow/dags/minimization_dag.py took 0.044 seconds
[2025-05-19T13:54:53.527+0000] {processor.py:156} INFO - Started process (PID=224) to work on /opt/airflow/dags/minimization_dag.py
[2025-05-19T13:54:53.529+0000] {processor.py:758} INFO - Processing file /opt/airflow/dags/minimization_dag.py for tasks to queue
[2025-05-19T13:54:53.530+0000] {logging_mixin.py:117} INFO - [2025-05-19T13:54:53.530+0000] {dagbag.py:525} INFO - Filling up the DagBag from /opt/airflow/dags/minimization_dag.py
[2025-05-19T13:54:53.533+0000] {logging_mixin.py:117} INFO - [2025-05-19T13:54:53.532+0000] {dagbag.py:330} ERROR - Failed to import: /opt/airflow/dags/minimization_dag.py
Traceback (most recent call last):
  File "/home/airflow/.local/lib/python3.7/site-packages/airflow/models/dagbag.py", line 326, in parse
    loader.exec_module(new_module)
  File "<frozen importlib._bootstrap_external>", line 728, in exec_module
  File "<frozen importlib._bootstrap>", line 219, in _call_with_frames_removed
  File "/opt/airflow/dags/minimization_dag.py", line 2, in <module>
    from airflow.providers.standard.operators.python import PythonOperator
ModuleNotFoundError: No module named 'airflow.providers.standard'
[2025-05-19T13:54:53.533+0000] {processor.py:770} WARNING - No viable dags retrieved from /opt/airflow/dags/minimization_dag.py
[2025-05-19T13:54:53.554+0000] {processor.py:178} INFO - Processing /opt/airflow/dags/minimization_dag.py took 0.030 seconds
[2025-05-19T13:55:24.399+0000] {processor.py:156} INFO - Started process (PID=261) to work on /opt/airflow/dags/minimization_dag.py
[2025-05-19T13:55:24.401+0000] {processor.py:758} INFO - Processing file /opt/airflow/dags/minimization_dag.py for tasks to queue
[2025-05-19T13:55:24.401+0000] {logging_mixin.py:117} INFO - [2025-05-19T13:55:24.401+0000] {dagbag.py:525} INFO - Filling up the DagBag from /opt/airflow/dags/minimization_dag.py
[2025-05-19T13:55:24.404+0000] {logging_mixin.py:117} INFO - [2025-05-19T13:55:24.403+0000] {dagbag.py:330} ERROR - Failed to import: /opt/airflow/dags/minimization_dag.py
Traceback (most recent call last):
  File "/home/airflow/.local/lib/python3.7/site-packages/airflow/models/dagbag.py", line 326, in parse
    loader.exec_module(new_module)
  File "<frozen importlib._bootstrap_external>", line 728, in exec_module
  File "<frozen importlib._bootstrap>", line 219, in _call_with_frames_removed
  File "/opt/airflow/dags/minimization_dag.py", line 2, in <module>
    from airflow.providers.standard.operators.python import PythonOperator
ModuleNotFoundError: No module named 'airflow.providers.standard'
[2025-05-19T13:55:24.404+0000] {processor.py:770} WARNING - No viable dags retrieved from /opt/airflow/dags/minimization_dag.py
[2025-05-19T13:55:24.430+0000] {processor.py:178} INFO - Processing /opt/airflow/dags/minimization_dag.py took 0.033 seconds
[2025-05-19T13:55:55.234+0000] {processor.py:156} INFO - Started process (PID=299) to work on /opt/airflow/dags/minimization_dag.py
[2025-05-19T13:55:55.235+0000] {processor.py:758} INFO - Processing file /opt/airflow/dags/minimization_dag.py for tasks to queue
[2025-05-19T13:55:55.235+0000] {logging_mixin.py:117} INFO - [2025-05-19T13:55:55.235+0000] {dagbag.py:525} INFO - Filling up the DagBag from /opt/airflow/dags/minimization_dag.py
[2025-05-19T13:55:55.241+0000] {logging_mixin.py:117} INFO - [2025-05-19T13:55:55.237+0000] {dagbag.py:330} ERROR - Failed to import: /opt/airflow/dags/minimization_dag.py
Traceback (most recent call last):
  File "/home/airflow/.local/lib/python3.7/site-packages/airflow/models/dagbag.py", line 326, in parse
    loader.exec_module(new_module)
  File "<frozen importlib._bootstrap_external>", line 728, in exec_module
  File "<frozen importlib._bootstrap>", line 219, in _call_with_frames_removed
  File "/opt/airflow/dags/minimization_dag.py", line 2, in <module>
    from airflow.providers.standard.operators.python import PythonOperator
ModuleNotFoundError: No module named 'airflow.providers.standard'
[2025-05-19T13:55:55.242+0000] {processor.py:770} WARNING - No viable dags retrieved from /opt/airflow/dags/minimization_dag.py
[2025-05-19T13:55:55.263+0000] {processor.py:178} INFO - Processing /opt/airflow/dags/minimization_dag.py took 0.030 seconds
[2025-05-19T13:56:26.324+0000] {processor.py:156} INFO - Started process (PID=335) to work on /opt/airflow/dags/minimization_dag.py
[2025-05-19T13:56:26.326+0000] {processor.py:758} INFO - Processing file /opt/airflow/dags/minimization_dag.py for tasks to queue
[2025-05-19T13:56:26.326+0000] {logging_mixin.py:117} INFO - [2025-05-19T13:56:26.326+0000] {dagbag.py:525} INFO - Filling up the DagBag from /opt/airflow/dags/minimization_dag.py
[2025-05-19T13:56:26.329+0000] {logging_mixin.py:117} INFO - [2025-05-19T13:56:26.328+0000] {dagbag.py:330} ERROR - Failed to import: /opt/airflow/dags/minimization_dag.py
Traceback (most recent call last):
  File "/home/airflow/.local/lib/python3.7/site-packages/airflow/models/dagbag.py", line 326, in parse
    loader.exec_module(new_module)
  File "<frozen importlib._bootstrap_external>", line 728, in exec_module
  File "<frozen importlib._bootstrap>", line 219, in _call_with_frames_removed
  File "/opt/airflow/dags/minimization_dag.py", line 2, in <module>
    from airflow.providers.standard.operators.python import PythonOperator
ModuleNotFoundError: No module named 'airflow.providers.standard'
[2025-05-19T13:56:26.330+0000] {processor.py:770} WARNING - No viable dags retrieved from /opt/airflow/dags/minimization_dag.py
[2025-05-19T13:56:26.352+0000] {processor.py:178} INFO - Processing /opt/airflow/dags/minimization_dag.py took 0.033 seconds
[2025-05-19T13:56:57.112+0000] {processor.py:156} INFO - Started process (PID=372) to work on /opt/airflow/dags/minimization_dag.py
[2025-05-19T13:56:57.113+0000] {processor.py:758} INFO - Processing file /opt/airflow/dags/minimization_dag.py for tasks to queue
[2025-05-19T13:56:57.114+0000] {logging_mixin.py:117} INFO - [2025-05-19T13:56:57.114+0000] {dagbag.py:525} INFO - Filling up the DagBag from /opt/airflow/dags/minimization_dag.py
[2025-05-19T13:56:57.116+0000] {logging_mixin.py:117} INFO - [2025-05-19T13:56:57.115+0000] {dagbag.py:330} ERROR - Failed to import: /opt/airflow/dags/minimization_dag.py
Traceback (most recent call last):
  File "/home/airflow/.local/lib/python3.7/site-packages/airflow/models/dagbag.py", line 326, in parse
    loader.exec_module(new_module)
  File "<frozen importlib._bootstrap_external>", line 728, in exec_module
  File "<frozen importlib._bootstrap>", line 219, in _call_with_frames_removed
  File "/opt/airflow/dags/minimization_dag.py", line 2, in <module>
    from airflow.providers.standard.operators.python import PythonOperator
ModuleNotFoundError: No module named 'airflow.providers.standard'
[2025-05-19T13:56:57.116+0000] {processor.py:770} WARNING - No viable dags retrieved from /opt/airflow/dags/minimization_dag.py
[2025-05-19T13:56:57.133+0000] {processor.py:178} INFO - Processing /opt/airflow/dags/minimization_dag.py took 0.024 seconds
[2025-05-19T13:57:27.174+0000] {processor.py:156} INFO - Started process (PID=410) to work on /opt/airflow/dags/minimization_dag.py
[2025-05-19T13:57:27.175+0000] {processor.py:758} INFO - Processing file /opt/airflow/dags/minimization_dag.py for tasks to queue
[2025-05-19T13:57:27.175+0000] {logging_mixin.py:117} INFO - [2025-05-19T13:57:27.175+0000] {dagbag.py:525} INFO - Filling up the DagBag from /opt/airflow/dags/minimization_dag.py
[2025-05-19T13:57:27.177+0000] {logging_mixin.py:117} INFO - [2025-05-19T13:57:27.176+0000] {dagbag.py:330} ERROR - Failed to import: /opt/airflow/dags/minimization_dag.py
Traceback (most recent call last):
  File "/home/airflow/.local/lib/python3.7/site-packages/airflow/models/dagbag.py", line 326, in parse
    loader.exec_module(new_module)
  File "<frozen importlib._bootstrap_external>", line 728, in exec_module
  File "<frozen importlib._bootstrap>", line 219, in _call_with_frames_removed
  File "/opt/airflow/dags/minimization_dag.py", line 2, in <module>
    from airflow.providers.standard.operators.python import PythonOperator
ModuleNotFoundError: No module named 'airflow.providers.standard'
[2025-05-19T13:57:27.177+0000] {processor.py:770} WARNING - No viable dags retrieved from /opt/airflow/dags/minimization_dag.py
[2025-05-19T13:57:27.196+0000] {processor.py:178} INFO - Processing /opt/airflow/dags/minimization_dag.py took 0.024 seconds
[2025-05-19T13:57:57.979+0000] {processor.py:156} INFO - Started process (PID=449) to work on /opt/airflow/dags/minimization_dag.py
[2025-05-19T13:57:57.980+0000] {processor.py:758} INFO - Processing file /opt/airflow/dags/minimization_dag.py for tasks to queue
[2025-05-19T13:57:57.981+0000] {logging_mixin.py:117} INFO - [2025-05-19T13:57:57.981+0000] {dagbag.py:525} INFO - Filling up the DagBag from /opt/airflow/dags/minimization_dag.py
[2025-05-19T13:57:57.983+0000] {logging_mixin.py:117} INFO - [2025-05-19T13:57:57.983+0000] {dagbag.py:330} ERROR - Failed to import: /opt/airflow/dags/minimization_dag.py
Traceback (most recent call last):
  File "/home/airflow/.local/lib/python3.7/site-packages/airflow/models/dagbag.py", line 326, in parse
    loader.exec_module(new_module)
  File "<frozen importlib._bootstrap_external>", line 728, in exec_module
  File "<frozen importlib._bootstrap>", line 219, in _call_with_frames_removed
  File "/opt/airflow/dags/minimization_dag.py", line 2, in <module>
    from airflow.providers.standard.operators.python import PythonOperator
ModuleNotFoundError: No module named 'airflow.providers.standard'
[2025-05-19T13:57:57.984+0000] {processor.py:770} WARNING - No viable dags retrieved from /opt/airflow/dags/minimization_dag.py
[2025-05-19T13:57:58.002+0000] {processor.py:178} INFO - Processing /opt/airflow/dags/minimization_dag.py took 0.025 seconds
[2025-05-19T13:58:28.130+0000] {processor.py:156} INFO - Started process (PID=478) to work on /opt/airflow/dags/minimization_dag.py
[2025-05-19T13:58:28.132+0000] {processor.py:758} INFO - Processing file /opt/airflow/dags/minimization_dag.py for tasks to queue
[2025-05-19T13:58:28.133+0000] {logging_mixin.py:117} INFO - [2025-05-19T13:58:28.133+0000] {dagbag.py:525} INFO - Filling up the DagBag from /opt/airflow/dags/minimization_dag.py
[2025-05-19T13:58:28.136+0000] {logging_mixin.py:117} INFO - [2025-05-19T13:58:28.135+0000] {dagbag.py:330} ERROR - Failed to import: /opt/airflow/dags/minimization_dag.py
Traceback (most recent call last):
  File "/home/airflow/.local/lib/python3.7/site-packages/airflow/models/dagbag.py", line 326, in parse
    loader.exec_module(new_module)
  File "<frozen importlib._bootstrap_external>", line 728, in exec_module
  File "<frozen importlib._bootstrap>", line 219, in _call_with_frames_removed
  File "/opt/airflow/dags/minimization_dag.py", line 2, in <module>
    from airflow.providers.standard.operators.python import PythonOperator
ModuleNotFoundError: No module named 'airflow.providers.standard'
[2025-05-19T13:58:28.137+0000] {processor.py:770} WARNING - No viable dags retrieved from /opt/airflow/dags/minimization_dag.py
[2025-05-19T13:58:28.171+0000] {processor.py:178} INFO - Processing /opt/airflow/dags/minimization_dag.py took 0.043 seconds
[2025-05-19T13:58:47.831+0000] {processor.py:156} INFO - Started process (PID=506) to work on /opt/airflow/dags/minimization_dag.py
[2025-05-19T13:58:47.832+0000] {processor.py:758} INFO - Processing file /opt/airflow/dags/minimization_dag.py for tasks to queue
[2025-05-19T13:58:47.834+0000] {logging_mixin.py:117} INFO - [2025-05-19T13:58:47.834+0000] {dagbag.py:525} INFO - Filling up the DagBag from /opt/airflow/dags/minimization_dag.py
[2025-05-19T13:58:47.843+0000] {logging_mixin.py:117} INFO - [2025-05-19T13:58:47.842+0000] {dagbag.py:330} ERROR - Failed to import: /opt/airflow/dags/minimization_dag.py
Traceback (most recent call last):
  File "/home/airflow/.local/lib/python3.7/site-packages/airflow/models/dagbag.py", line 326, in parse
    loader.exec_module(new_module)
  File "<frozen importlib._bootstrap_external>", line 728, in exec_module
  File "<frozen importlib._bootstrap>", line 219, in _call_with_frames_removed
  File "/opt/airflow/dags/minimization_dag.py", line 3, in <module>
    from airflow.providers.standard.sensors.external_task import ExternalTaskSensor
ModuleNotFoundError: No module named 'airflow.providers.standard'
[2025-05-19T13:58:47.843+0000] {processor.py:770} WARNING - No viable dags retrieved from /opt/airflow/dags/minimization_dag.py
[2025-05-19T13:58:47.863+0000] {processor.py:178} INFO - Processing /opt/airflow/dags/minimization_dag.py took 0.035 seconds
[2025-05-19T13:59:18.173+0000] {processor.py:156} INFO - Started process (PID=543) to work on /opt/airflow/dags/minimization_dag.py
[2025-05-19T13:59:18.175+0000] {processor.py:758} INFO - Processing file /opt/airflow/dags/minimization_dag.py for tasks to queue
[2025-05-19T13:59:18.175+0000] {logging_mixin.py:117} INFO - [2025-05-19T13:59:18.175+0000] {dagbag.py:525} INFO - Filling up the DagBag from /opt/airflow/dags/minimization_dag.py
[2025-05-19T13:59:18.327+0000] {logging_mixin.py:117} INFO - [2025-05-19T13:59:18.326+0000] {dagbag.py:330} ERROR - Failed to import: /opt/airflow/dags/minimization_dag.py
Traceback (most recent call last):
  File "/home/airflow/.local/lib/python3.7/site-packages/airflow/models/dagbag.py", line 326, in parse
    loader.exec_module(new_module)
  File "<frozen importlib._bootstrap_external>", line 728, in exec_module
  File "<frozen importlib._bootstrap>", line 219, in _call_with_frames_removed
  File "/opt/airflow/dags/minimization_dag.py", line 3, in <module>
    from airflow.providers.standard.sensors.external_task import ExternalTaskSensor
ModuleNotFoundError: No module named 'airflow.providers.standard'
[2025-05-19T13:59:18.327+0000] {processor.py:770} WARNING - No viable dags retrieved from /opt/airflow/dags/minimization_dag.py
[2025-05-19T13:59:18.359+0000] {processor.py:178} INFO - Processing /opt/airflow/dags/minimization_dag.py took 0.189 seconds
[2025-05-19T13:59:49.331+0000] {processor.py:156} INFO - Started process (PID=580) to work on /opt/airflow/dags/minimization_dag.py
[2025-05-19T13:59:49.333+0000] {processor.py:758} INFO - Processing file /opt/airflow/dags/minimization_dag.py for tasks to queue
[2025-05-19T13:59:49.333+0000] {logging_mixin.py:117} INFO - [2025-05-19T13:59:49.333+0000] {dagbag.py:525} INFO - Filling up the DagBag from /opt/airflow/dags/minimization_dag.py
[2025-05-19T13:59:49.339+0000] {logging_mixin.py:117} INFO - [2025-05-19T13:59:49.338+0000] {dagbag.py:330} ERROR - Failed to import: /opt/airflow/dags/minimization_dag.py
Traceback (most recent call last):
  File "/home/airflow/.local/lib/python3.7/site-packages/airflow/models/dagbag.py", line 326, in parse
    loader.exec_module(new_module)
  File "<frozen importlib._bootstrap_external>", line 728, in exec_module
  File "<frozen importlib._bootstrap>", line 219, in _call_with_frames_removed
  File "/opt/airflow/dags/minimization_dag.py", line 3, in <module>
    from airflow.providers.standard.sensors.external_task import ExternalTaskSensor
ModuleNotFoundError: No module named 'airflow.providers.standard'
[2025-05-19T13:59:49.339+0000] {processor.py:770} WARNING - No viable dags retrieved from /opt/airflow/dags/minimization_dag.py
[2025-05-19T13:59:49.355+0000] {processor.py:178} INFO - Processing /opt/airflow/dags/minimization_dag.py took 0.027 seconds
[2025-05-19T14:00:19.524+0000] {processor.py:156} INFO - Started process (PID=617) to work on /opt/airflow/dags/minimization_dag.py
[2025-05-19T14:00:19.526+0000] {processor.py:758} INFO - Processing file /opt/airflow/dags/minimization_dag.py for tasks to queue
[2025-05-19T14:00:19.526+0000] {logging_mixin.py:117} INFO - [2025-05-19T14:00:19.526+0000] {dagbag.py:525} INFO - Filling up the DagBag from /opt/airflow/dags/minimization_dag.py
[2025-05-19T14:00:19.531+0000] {logging_mixin.py:117} INFO - [2025-05-19T14:00:19.531+0000] {dagbag.py:330} ERROR - Failed to import: /opt/airflow/dags/minimization_dag.py
Traceback (most recent call last):
  File "/home/airflow/.local/lib/python3.7/site-packages/airflow/models/dagbag.py", line 326, in parse
    loader.exec_module(new_module)
  File "<frozen importlib._bootstrap_external>", line 728, in exec_module
  File "<frozen importlib._bootstrap>", line 219, in _call_with_frames_removed
  File "/opt/airflow/dags/minimization_dag.py", line 3, in <module>
    from airflow.providers.standard.sensors.external_task import ExternalTaskSensor
ModuleNotFoundError: No module named 'airflow.providers.standard'
[2025-05-19T14:00:19.532+0000] {processor.py:770} WARNING - No viable dags retrieved from /opt/airflow/dags/minimization_dag.py
[2025-05-19T14:00:19.545+0000] {processor.py:178} INFO - Processing /opt/airflow/dags/minimization_dag.py took 0.023 seconds
[2025-05-19T14:00:50.500+0000] {processor.py:156} INFO - Started process (PID=654) to work on /opt/airflow/dags/minimization_dag.py
[2025-05-19T14:00:50.509+0000] {processor.py:758} INFO - Processing file /opt/airflow/dags/minimization_dag.py for tasks to queue
[2025-05-19T14:00:50.510+0000] {logging_mixin.py:117} INFO - [2025-05-19T14:00:50.510+0000] {dagbag.py:525} INFO - Filling up the DagBag from /opt/airflow/dags/minimization_dag.py
[2025-05-19T14:00:50.517+0000] {logging_mixin.py:117} INFO - [2025-05-19T14:00:50.516+0000] {dagbag.py:330} ERROR - Failed to import: /opt/airflow/dags/minimization_dag.py
Traceback (most recent call last):
  File "/home/airflow/.local/lib/python3.7/site-packages/airflow/models/dagbag.py", line 326, in parse
    loader.exec_module(new_module)
  File "<frozen importlib._bootstrap_external>", line 728, in exec_module
  File "<frozen importlib._bootstrap>", line 219, in _call_with_frames_removed
  File "/opt/airflow/dags/minimization_dag.py", line 3, in <module>
    from airflow.providers.standard.sensors.external_task import ExternalTaskSensor
ModuleNotFoundError: No module named 'airflow.providers.standard'
[2025-05-19T14:00:50.517+0000] {processor.py:770} WARNING - No viable dags retrieved from /opt/airflow/dags/minimization_dag.py
[2025-05-19T14:00:50.567+0000] {processor.py:178} INFO - Processing /opt/airflow/dags/minimization_dag.py took 0.069 seconds
[2025-05-19T14:01:21.522+0000] {processor.py:156} INFO - Started process (PID=691) to work on /opt/airflow/dags/minimization_dag.py
[2025-05-19T14:01:21.528+0000] {processor.py:758} INFO - Processing file /opt/airflow/dags/minimization_dag.py for tasks to queue
[2025-05-19T14:01:21.528+0000] {logging_mixin.py:117} INFO - [2025-05-19T14:01:21.528+0000] {dagbag.py:525} INFO - Filling up the DagBag from /opt/airflow/dags/minimization_dag.py
[2025-05-19T14:01:21.535+0000] {logging_mixin.py:117} INFO - [2025-05-19T14:01:21.534+0000] {dagbag.py:330} ERROR - Failed to import: /opt/airflow/dags/minimization_dag.py
Traceback (most recent call last):
  File "/home/airflow/.local/lib/python3.7/site-packages/airflow/models/dagbag.py", line 326, in parse
    loader.exec_module(new_module)
  File "<frozen importlib._bootstrap_external>", line 728, in exec_module
  File "<frozen importlib._bootstrap>", line 219, in _call_with_frames_removed
  File "/opt/airflow/dags/minimization_dag.py", line 3, in <module>
    from airflow.providers.standard.sensors.external_task import ExternalTaskSensor
ModuleNotFoundError: No module named 'airflow.providers.standard'
[2025-05-19T14:01:21.535+0000] {processor.py:770} WARNING - No viable dags retrieved from /opt/airflow/dags/minimization_dag.py
[2025-05-19T14:01:21.551+0000] {processor.py:178} INFO - Processing /opt/airflow/dags/minimization_dag.py took 0.034 seconds
[2025-05-19T14:01:52.307+0000] {processor.py:156} INFO - Started process (PID=727) to work on /opt/airflow/dags/minimization_dag.py
[2025-05-19T14:01:52.308+0000] {processor.py:758} INFO - Processing file /opt/airflow/dags/minimization_dag.py for tasks to queue
[2025-05-19T14:01:52.309+0000] {logging_mixin.py:117} INFO - [2025-05-19T14:01:52.308+0000] {dagbag.py:525} INFO - Filling up the DagBag from /opt/airflow/dags/minimization_dag.py
[2025-05-19T14:01:52.314+0000] {logging_mixin.py:117} INFO - [2025-05-19T14:01:52.313+0000] {dagbag.py:330} ERROR - Failed to import: /opt/airflow/dags/minimization_dag.py
Traceback (most recent call last):
  File "/home/airflow/.local/lib/python3.7/site-packages/airflow/models/dagbag.py", line 326, in parse
    loader.exec_module(new_module)
  File "<frozen importlib._bootstrap_external>", line 728, in exec_module
  File "<frozen importlib._bootstrap>", line 219, in _call_with_frames_removed
  File "/opt/airflow/dags/minimization_dag.py", line 3, in <module>
    from airflow.providers.standard.sensors.external_task import ExternalTaskSensor
ModuleNotFoundError: No module named 'airflow.providers.standard'
[2025-05-19T14:01:52.314+0000] {processor.py:770} WARNING - No viable dags retrieved from /opt/airflow/dags/minimization_dag.py
[2025-05-19T14:01:52.332+0000] {processor.py:178} INFO - Processing /opt/airflow/dags/minimization_dag.py took 0.027 seconds
[2025-05-19T14:02:22.823+0000] {processor.py:156} INFO - Started process (PID=764) to work on /opt/airflow/dags/minimization_dag.py
[2025-05-19T14:02:22.825+0000] {processor.py:758} INFO - Processing file /opt/airflow/dags/minimization_dag.py for tasks to queue
[2025-05-19T14:02:22.826+0000] {logging_mixin.py:117} INFO - [2025-05-19T14:02:22.826+0000] {dagbag.py:525} INFO - Filling up the DagBag from /opt/airflow/dags/minimization_dag.py
[2025-05-19T14:02:22.837+0000] {logging_mixin.py:117} INFO - [2025-05-19T14:02:22.836+0000] {dagbag.py:330} ERROR - Failed to import: /opt/airflow/dags/minimization_dag.py
Traceback (most recent call last):
  File "/home/airflow/.local/lib/python3.7/site-packages/airflow/models/dagbag.py", line 326, in parse
    loader.exec_module(new_module)
  File "<frozen importlib._bootstrap_external>", line 728, in exec_module
  File "<frozen importlib._bootstrap>", line 219, in _call_with_frames_removed
  File "/opt/airflow/dags/minimization_dag.py", line 3, in <module>
    from airflow.providers.standard.sensors.external_task import ExternalTaskSensor
ModuleNotFoundError: No module named 'airflow.providers.standard'
[2025-05-19T14:02:22.838+0000] {processor.py:770} WARNING - No viable dags retrieved from /opt/airflow/dags/minimization_dag.py
[2025-05-19T14:02:22.858+0000] {processor.py:178} INFO - Processing /opt/airflow/dags/minimization_dag.py took 0.038 seconds
[2025-05-19T14:02:52.917+0000] {processor.py:156} INFO - Started process (PID=801) to work on /opt/airflow/dags/minimization_dag.py
[2025-05-19T14:02:52.918+0000] {processor.py:758} INFO - Processing file /opt/airflow/dags/minimization_dag.py for tasks to queue
[2025-05-19T14:02:52.918+0000] {logging_mixin.py:117} INFO - [2025-05-19T14:02:52.918+0000] {dagbag.py:525} INFO - Filling up the DagBag from /opt/airflow/dags/minimization_dag.py
[2025-05-19T14:02:52.925+0000] {logging_mixin.py:117} INFO - [2025-05-19T14:02:52.925+0000] {dagbag.py:330} ERROR - Failed to import: /opt/airflow/dags/minimization_dag.py
Traceback (most recent call last):
  File "/home/airflow/.local/lib/python3.7/site-packages/airflow/models/dagbag.py", line 326, in parse
    loader.exec_module(new_module)
  File "<frozen importlib._bootstrap_external>", line 728, in exec_module
  File "<frozen importlib._bootstrap>", line 219, in _call_with_frames_removed
  File "/opt/airflow/dags/minimization_dag.py", line 3, in <module>
    from airflow.providers.standard.sensors.external_task import ExternalTaskSensor
ModuleNotFoundError: No module named 'airflow.providers.standard'
[2025-05-19T14:02:52.926+0000] {processor.py:770} WARNING - No viable dags retrieved from /opt/airflow/dags/minimization_dag.py
[2025-05-19T14:02:52.947+0000] {processor.py:178} INFO - Processing /opt/airflow/dags/minimization_dag.py took 0.033 seconds
[2025-05-19T14:03:23.666+0000] {processor.py:156} INFO - Started process (PID=838) to work on /opt/airflow/dags/minimization_dag.py
[2025-05-19T14:03:23.670+0000] {processor.py:758} INFO - Processing file /opt/airflow/dags/minimization_dag.py for tasks to queue
[2025-05-19T14:03:23.671+0000] {logging_mixin.py:117} INFO - [2025-05-19T14:03:23.671+0000] {dagbag.py:525} INFO - Filling up the DagBag from /opt/airflow/dags/minimization_dag.py
[2025-05-19T14:03:23.676+0000] {logging_mixin.py:117} INFO - [2025-05-19T14:03:23.675+0000] {dagbag.py:330} ERROR - Failed to import: /opt/airflow/dags/minimization_dag.py
Traceback (most recent call last):
  File "/home/airflow/.local/lib/python3.7/site-packages/airflow/models/dagbag.py", line 326, in parse
    loader.exec_module(new_module)
  File "<frozen importlib._bootstrap_external>", line 728, in exec_module
  File "<frozen importlib._bootstrap>", line 219, in _call_with_frames_removed
  File "/opt/airflow/dags/minimization_dag.py", line 3, in <module>
    from airflow.providers.standard.sensors.external_task import ExternalTaskSensor
ModuleNotFoundError: No module named 'airflow.providers.standard'
[2025-05-19T14:03:23.676+0000] {processor.py:770} WARNING - No viable dags retrieved from /opt/airflow/dags/minimization_dag.py
[2025-05-19T14:03:23.695+0000] {processor.py:178} INFO - Processing /opt/airflow/dags/minimization_dag.py took 0.032 seconds
[2025-05-19T14:03:54.553+0000] {processor.py:156} INFO - Started process (PID=875) to work on /opt/airflow/dags/minimization_dag.py
[2025-05-19T14:03:54.554+0000] {processor.py:758} INFO - Processing file /opt/airflow/dags/minimization_dag.py for tasks to queue
[2025-05-19T14:03:54.555+0000] {logging_mixin.py:117} INFO - [2025-05-19T14:03:54.555+0000] {dagbag.py:525} INFO - Filling up the DagBag from /opt/airflow/dags/minimization_dag.py
[2025-05-19T14:03:54.560+0000] {logging_mixin.py:117} INFO - [2025-05-19T14:03:54.559+0000] {dagbag.py:330} ERROR - Failed to import: /opt/airflow/dags/minimization_dag.py
Traceback (most recent call last):
  File "/home/airflow/.local/lib/python3.7/site-packages/airflow/models/dagbag.py", line 326, in parse
    loader.exec_module(new_module)
  File "<frozen importlib._bootstrap_external>", line 728, in exec_module
  File "<frozen importlib._bootstrap>", line 219, in _call_with_frames_removed
  File "/opt/airflow/dags/minimization_dag.py", line 3, in <module>
    from airflow.providers.standard.sensors.external_task import ExternalTaskSensor
ModuleNotFoundError: No module named 'airflow.providers.standard'
[2025-05-19T14:03:54.560+0000] {processor.py:770} WARNING - No viable dags retrieved from /opt/airflow/dags/minimization_dag.py
[2025-05-19T14:03:54.576+0000] {processor.py:178} INFO - Processing /opt/airflow/dags/minimization_dag.py took 0.027 seconds
[2025-05-19T14:04:25.390+0000] {processor.py:156} INFO - Started process (PID=912) to work on /opt/airflow/dags/minimization_dag.py
[2025-05-19T14:04:25.395+0000] {processor.py:758} INFO - Processing file /opt/airflow/dags/minimization_dag.py for tasks to queue
[2025-05-19T14:04:25.396+0000] {logging_mixin.py:117} INFO - [2025-05-19T14:04:25.395+0000] {dagbag.py:525} INFO - Filling up the DagBag from /opt/airflow/dags/minimization_dag.py
[2025-05-19T14:04:25.401+0000] {logging_mixin.py:117} INFO - [2025-05-19T14:04:25.401+0000] {dagbag.py:330} ERROR - Failed to import: /opt/airflow/dags/minimization_dag.py
Traceback (most recent call last):
  File "/home/airflow/.local/lib/python3.7/site-packages/airflow/models/dagbag.py", line 326, in parse
    loader.exec_module(new_module)
  File "<frozen importlib._bootstrap_external>", line 728, in exec_module
  File "<frozen importlib._bootstrap>", line 219, in _call_with_frames_removed
  File "/opt/airflow/dags/minimization_dag.py", line 3, in <module>
    from airflow.providers.standard.sensors.external_task import ExternalTaskSensor
ModuleNotFoundError: No module named 'airflow.providers.standard'
[2025-05-19T14:04:25.402+0000] {processor.py:770} WARNING - No viable dags retrieved from /opt/airflow/dags/minimization_dag.py
[2025-05-19T14:04:25.421+0000] {processor.py:178} INFO - Processing /opt/airflow/dags/minimization_dag.py took 0.033 seconds
[2025-05-19T14:10:51.235+0000] {processor.py:156} INFO - Started process (PID=184) to work on /opt/airflow/dags/minimization_dag.py
[2025-05-19T14:10:51.237+0000] {processor.py:758} INFO - Processing file /opt/airflow/dags/minimization_dag.py for tasks to queue
[2025-05-19T14:10:51.238+0000] {logging_mixin.py:117} INFO - [2025-05-19T14:10:51.238+0000] {dagbag.py:525} INFO - Filling up the DagBag from /opt/airflow/dags/minimization_dag.py
[2025-05-19T14:10:51.254+0000] {logging_mixin.py:117} INFO - [2025-05-19T14:10:51.253+0000] {dagbag.py:330} ERROR - Failed to import: /opt/airflow/dags/minimization_dag.py
Traceback (most recent call last):
  File "/home/airflow/.local/lib/python3.7/site-packages/airflow/models/dagbag.py", line 326, in parse
    loader.exec_module(new_module)
  File "<frozen importlib._bootstrap_external>", line 728, in exec_module
  File "<frozen importlib._bootstrap>", line 219, in _call_with_frames_removed
  File "/opt/airflow/dags/minimization_dag.py", line 3, in <module>
    from airflow.providers.standard.sensors.external_task import ExternalTaskSensor
ModuleNotFoundError: No module named 'airflow.providers.standard'
[2025-05-19T14:10:51.255+0000] {processor.py:770} WARNING - No viable dags retrieved from /opt/airflow/dags/minimization_dag.py
[2025-05-19T14:10:51.281+0000] {processor.py:178} INFO - Processing /opt/airflow/dags/minimization_dag.py took 0.049 seconds
[2025-05-19T14:11:22.213+0000] {processor.py:156} INFO - Started process (PID=222) to work on /opt/airflow/dags/minimization_dag.py
[2025-05-19T14:11:22.214+0000] {processor.py:758} INFO - Processing file /opt/airflow/dags/minimization_dag.py for tasks to queue
[2025-05-19T14:11:22.214+0000] {logging_mixin.py:117} INFO - [2025-05-19T14:11:22.214+0000] {dagbag.py:525} INFO - Filling up the DagBag from /opt/airflow/dags/minimization_dag.py
[2025-05-19T14:11:22.224+0000] {logging_mixin.py:117} INFO - [2025-05-19T14:11:22.223+0000] {dagbag.py:330} ERROR - Failed to import: /opt/airflow/dags/minimization_dag.py
Traceback (most recent call last):
  File "/home/airflow/.local/lib/python3.7/site-packages/airflow/models/dagbag.py", line 326, in parse
    loader.exec_module(new_module)
  File "<frozen importlib._bootstrap_external>", line 728, in exec_module
  File "<frozen importlib._bootstrap>", line 219, in _call_with_frames_removed
  File "/opt/airflow/dags/minimization_dag.py", line 3, in <module>
    from airflow.providers.standard.sensors.external_task import ExternalTaskSensor
ModuleNotFoundError: No module named 'airflow.providers.standard'
[2025-05-19T14:11:22.224+0000] {processor.py:770} WARNING - No viable dags retrieved from /opt/airflow/dags/minimization_dag.py
[2025-05-19T14:11:22.256+0000] {processor.py:178} INFO - Processing /opt/airflow/dags/minimization_dag.py took 0.047 seconds
[2025-05-19T14:11:52.865+0000] {processor.py:156} INFO - Started process (PID=258) to work on /opt/airflow/dags/minimization_dag.py
[2025-05-19T14:11:52.867+0000] {processor.py:758} INFO - Processing file /opt/airflow/dags/minimization_dag.py for tasks to queue
[2025-05-19T14:11:52.868+0000] {logging_mixin.py:117} INFO - [2025-05-19T14:11:52.868+0000] {dagbag.py:525} INFO - Filling up the DagBag from /opt/airflow/dags/minimization_dag.py
[2025-05-19T14:11:52.879+0000] {logging_mixin.py:117} INFO - [2025-05-19T14:11:52.878+0000] {dagbag.py:330} ERROR - Failed to import: /opt/airflow/dags/minimization_dag.py
Traceback (most recent call last):
  File "/home/airflow/.local/lib/python3.7/site-packages/airflow/models/dagbag.py", line 326, in parse
    loader.exec_module(new_module)
  File "<frozen importlib._bootstrap_external>", line 728, in exec_module
  File "<frozen importlib._bootstrap>", line 219, in _call_with_frames_removed
  File "/opt/airflow/dags/minimization_dag.py", line 3, in <module>
    from airflow.providers.standard.sensors.external_task import ExternalTaskSensor
ModuleNotFoundError: No module named 'airflow.providers.standard'
[2025-05-19T14:11:52.880+0000] {processor.py:770} WARNING - No viable dags retrieved from /opt/airflow/dags/minimization_dag.py
[2025-05-19T14:11:52.904+0000] {processor.py:178} INFO - Processing /opt/airflow/dags/minimization_dag.py took 0.044 seconds
[2025-05-19T14:12:23.707+0000] {processor.py:156} INFO - Started process (PID=295) to work on /opt/airflow/dags/minimization_dag.py
[2025-05-19T14:12:23.709+0000] {processor.py:758} INFO - Processing file /opt/airflow/dags/minimization_dag.py for tasks to queue
[2025-05-19T14:12:23.711+0000] {logging_mixin.py:117} INFO - [2025-05-19T14:12:23.710+0000] {dagbag.py:525} INFO - Filling up the DagBag from /opt/airflow/dags/minimization_dag.py
[2025-05-19T14:12:23.722+0000] {logging_mixin.py:117} INFO - [2025-05-19T14:12:23.721+0000] {dagbag.py:330} ERROR - Failed to import: /opt/airflow/dags/minimization_dag.py
Traceback (most recent call last):
  File "/home/airflow/.local/lib/python3.7/site-packages/airflow/models/dagbag.py", line 326, in parse
    loader.exec_module(new_module)
  File "<frozen importlib._bootstrap_external>", line 728, in exec_module
  File "<frozen importlib._bootstrap>", line 219, in _call_with_frames_removed
  File "/opt/airflow/dags/minimization_dag.py", line 3, in <module>
    from airflow.providers.standard.sensors.external_task import ExternalTaskSensor
ModuleNotFoundError: No module named 'airflow.providers.standard'
[2025-05-19T14:12:23.723+0000] {processor.py:770} WARNING - No viable dags retrieved from /opt/airflow/dags/minimization_dag.py
[2025-05-19T14:12:23.741+0000] {processor.py:178} INFO - Processing /opt/airflow/dags/minimization_dag.py took 0.039 seconds
[2025-05-19T14:12:54.658+0000] {processor.py:156} INFO - Started process (PID=332) to work on /opt/airflow/dags/minimization_dag.py
[2025-05-19T14:12:54.669+0000] {processor.py:758} INFO - Processing file /opt/airflow/dags/minimization_dag.py for tasks to queue
[2025-05-19T14:12:54.669+0000] {logging_mixin.py:117} INFO - [2025-05-19T14:12:54.669+0000] {dagbag.py:525} INFO - Filling up the DagBag from /opt/airflow/dags/minimization_dag.py
[2025-05-19T14:12:54.675+0000] {logging_mixin.py:117} INFO - [2025-05-19T14:12:54.675+0000] {dagbag.py:330} ERROR - Failed to import: /opt/airflow/dags/minimization_dag.py
Traceback (most recent call last):
  File "/home/airflow/.local/lib/python3.7/site-packages/airflow/models/dagbag.py", line 326, in parse
    loader.exec_module(new_module)
  File "<frozen importlib._bootstrap_external>", line 728, in exec_module
  File "<frozen importlib._bootstrap>", line 219, in _call_with_frames_removed
  File "/opt/airflow/dags/minimization_dag.py", line 3, in <module>
    from airflow.providers.standard.sensors.external_task import ExternalTaskSensor
ModuleNotFoundError: No module named 'airflow.providers.standard'
[2025-05-19T14:12:54.686+0000] {processor.py:770} WARNING - No viable dags retrieved from /opt/airflow/dags/minimization_dag.py
[2025-05-19T14:12:54.705+0000] {processor.py:178} INFO - Processing /opt/airflow/dags/minimization_dag.py took 0.050 seconds
[2025-05-19T14:13:25.525+0000] {processor.py:156} INFO - Started process (PID=369) to work on /opt/airflow/dags/minimization_dag.py
[2025-05-19T14:13:25.530+0000] {processor.py:758} INFO - Processing file /opt/airflow/dags/minimization_dag.py for tasks to queue
[2025-05-19T14:13:25.531+0000] {logging_mixin.py:117} INFO - [2025-05-19T14:13:25.530+0000] {dagbag.py:525} INFO - Filling up the DagBag from /opt/airflow/dags/minimization_dag.py
[2025-05-19T14:13:25.536+0000] {logging_mixin.py:117} INFO - [2025-05-19T14:13:25.536+0000] {dagbag.py:330} ERROR - Failed to import: /opt/airflow/dags/minimization_dag.py
Traceback (most recent call last):
  File "/home/airflow/.local/lib/python3.7/site-packages/airflow/models/dagbag.py", line 326, in parse
    loader.exec_module(new_module)
  File "<frozen importlib._bootstrap_external>", line 728, in exec_module
  File "<frozen importlib._bootstrap>", line 219, in _call_with_frames_removed
  File "/opt/airflow/dags/minimization_dag.py", line 3, in <module>
    from airflow.providers.standard.sensors.external_task import ExternalTaskSensor
ModuleNotFoundError: No module named 'airflow.providers.standard'
[2025-05-19T14:13:25.537+0000] {processor.py:770} WARNING - No viable dags retrieved from /opt/airflow/dags/minimization_dag.py
[2025-05-19T14:13:25.557+0000] {processor.py:178} INFO - Processing /opt/airflow/dags/minimization_dag.py took 0.036 seconds
[2025-05-19T14:13:55.581+0000] {processor.py:156} INFO - Started process (PID=406) to work on /opt/airflow/dags/minimization_dag.py
[2025-05-19T14:13:55.583+0000] {processor.py:758} INFO - Processing file /opt/airflow/dags/minimization_dag.py for tasks to queue
[2025-05-19T14:13:55.584+0000] {logging_mixin.py:117} INFO - [2025-05-19T14:13:55.584+0000] {dagbag.py:525} INFO - Filling up the DagBag from /opt/airflow/dags/minimization_dag.py
[2025-05-19T14:13:55.591+0000] {logging_mixin.py:117} INFO - [2025-05-19T14:13:55.590+0000] {dagbag.py:330} ERROR - Failed to import: /opt/airflow/dags/minimization_dag.py
Traceback (most recent call last):
  File "/home/airflow/.local/lib/python3.7/site-packages/airflow/models/dagbag.py", line 326, in parse
    loader.exec_module(new_module)
  File "<frozen importlib._bootstrap_external>", line 728, in exec_module
  File "<frozen importlib._bootstrap>", line 219, in _call_with_frames_removed
  File "/opt/airflow/dags/minimization_dag.py", line 3, in <module>
    from airflow.providers.standard.sensors.external_task import ExternalTaskSensor
ModuleNotFoundError: No module named 'airflow.providers.standard'
[2025-05-19T14:13:55.592+0000] {processor.py:770} WARNING - No viable dags retrieved from /opt/airflow/dags/minimization_dag.py
[2025-05-19T14:13:55.612+0000] {processor.py:178} INFO - Processing /opt/airflow/dags/minimization_dag.py took 0.034 seconds
[2025-05-19T14:14:25.806+0000] {processor.py:156} INFO - Started process (PID=443) to work on /opt/airflow/dags/minimization_dag.py
[2025-05-19T14:14:25.807+0000] {processor.py:758} INFO - Processing file /opt/airflow/dags/minimization_dag.py for tasks to queue
[2025-05-19T14:14:25.808+0000] {logging_mixin.py:117} INFO - [2025-05-19T14:14:25.808+0000] {dagbag.py:525} INFO - Filling up the DagBag from /opt/airflow/dags/minimization_dag.py
[2025-05-19T14:14:25.813+0000] {logging_mixin.py:117} INFO - [2025-05-19T14:14:25.812+0000] {dagbag.py:330} ERROR - Failed to import: /opt/airflow/dags/minimization_dag.py
Traceback (most recent call last):
  File "/home/airflow/.local/lib/python3.7/site-packages/airflow/models/dagbag.py", line 326, in parse
    loader.exec_module(new_module)
  File "<frozen importlib._bootstrap_external>", line 728, in exec_module
  File "<frozen importlib._bootstrap>", line 219, in _call_with_frames_removed
  File "/opt/airflow/dags/minimization_dag.py", line 3, in <module>
    from airflow.providers.standard.sensors.external_task import ExternalTaskSensor
ModuleNotFoundError: No module named 'airflow.providers.standard'
[2025-05-19T14:14:25.813+0000] {processor.py:770} WARNING - No viable dags retrieved from /opt/airflow/dags/minimization_dag.py
[2025-05-19T14:14:25.828+0000] {processor.py:178} INFO - Processing /opt/airflow/dags/minimization_dag.py took 0.025 seconds
[2025-05-19T14:14:56.638+0000] {processor.py:156} INFO - Started process (PID=478) to work on /opt/airflow/dags/minimization_dag.py
[2025-05-19T14:14:56.640+0000] {processor.py:758} INFO - Processing file /opt/airflow/dags/minimization_dag.py for tasks to queue
[2025-05-19T14:14:56.640+0000] {logging_mixin.py:117} INFO - [2025-05-19T14:14:56.640+0000] {dagbag.py:525} INFO - Filling up the DagBag from /opt/airflow/dags/minimization_dag.py
[2025-05-19T14:14:56.645+0000] {logging_mixin.py:117} INFO - [2025-05-19T14:14:56.644+0000] {dagbag.py:330} ERROR - Failed to import: /opt/airflow/dags/minimization_dag.py
Traceback (most recent call last):
  File "/home/airflow/.local/lib/python3.7/site-packages/airflow/models/dagbag.py", line 326, in parse
    loader.exec_module(new_module)
  File "<frozen importlib._bootstrap_external>", line 728, in exec_module
  File "<frozen importlib._bootstrap>", line 219, in _call_with_frames_removed
  File "/opt/airflow/dags/minimization_dag.py", line 3, in <module>
    from airflow.providers.standard.sensors.external_task import ExternalTaskSensor
ModuleNotFoundError: No module named 'airflow.providers.standard'
[2025-05-19T14:14:56.645+0000] {processor.py:770} WARNING - No viable dags retrieved from /opt/airflow/dags/minimization_dag.py
[2025-05-19T14:14:56.665+0000] {processor.py:178} INFO - Processing /opt/airflow/dags/minimization_dag.py took 0.029 seconds
[2025-05-19T14:15:26.967+0000] {processor.py:156} INFO - Started process (PID=508) to work on /opt/airflow/dags/minimization_dag.py
[2025-05-19T14:15:26.968+0000] {processor.py:758} INFO - Processing file /opt/airflow/dags/minimization_dag.py for tasks to queue
[2025-05-19T14:15:26.968+0000] {logging_mixin.py:117} INFO - [2025-05-19T14:15:26.968+0000] {dagbag.py:525} INFO - Filling up the DagBag from /opt/airflow/dags/minimization_dag.py
[2025-05-19T14:15:26.978+0000] {logging_mixin.py:117} INFO - [2025-05-19T14:15:26.977+0000] {dagbag.py:330} ERROR - Failed to import: /opt/airflow/dags/minimization_dag.py
Traceback (most recent call last):
  File "/home/airflow/.local/lib/python3.7/site-packages/airflow/models/dagbag.py", line 326, in parse
    loader.exec_module(new_module)
  File "<frozen importlib._bootstrap_external>", line 728, in exec_module
  File "<frozen importlib._bootstrap>", line 219, in _call_with_frames_removed
  File "/opt/airflow/dags/minimization_dag.py", line 3, in <module>
    from airflow.providers.standard.sensors.external_task import ExternalTaskSensor
ModuleNotFoundError: No module named 'airflow.providers.standard'
[2025-05-19T14:15:26.978+0000] {processor.py:770} WARNING - No viable dags retrieved from /opt/airflow/dags/minimization_dag.py
[2025-05-19T14:15:27.224+0000] {processor.py:178} INFO - Processing /opt/airflow/dags/minimization_dag.py took 0.261 seconds
[2025-05-19T14:15:57.986+0000] {processor.py:156} INFO - Started process (PID=545) to work on /opt/airflow/dags/minimization_dag.py
[2025-05-19T14:15:57.986+0000] {processor.py:758} INFO - Processing file /opt/airflow/dags/minimization_dag.py for tasks to queue
[2025-05-19T14:15:57.987+0000] {logging_mixin.py:117} INFO - [2025-05-19T14:15:57.987+0000] {dagbag.py:525} INFO - Filling up the DagBag from /opt/airflow/dags/minimization_dag.py
[2025-05-19T14:15:57.995+0000] {logging_mixin.py:117} INFO - [2025-05-19T14:15:57.995+0000] {dagbag.py:330} ERROR - Failed to import: /opt/airflow/dags/minimization_dag.py
Traceback (most recent call last):
  File "/home/airflow/.local/lib/python3.7/site-packages/airflow/models/dagbag.py", line 326, in parse
    loader.exec_module(new_module)
  File "<frozen importlib._bootstrap_external>", line 728, in exec_module
  File "<frozen importlib._bootstrap>", line 219, in _call_with_frames_removed
  File "/opt/airflow/dags/minimization_dag.py", line 3, in <module>
    from airflow.providers.standard.sensors.external_task import ExternalTaskSensor
ModuleNotFoundError: No module named 'airflow.providers.standard'
[2025-05-19T14:15:57.996+0000] {processor.py:770} WARNING - No viable dags retrieved from /opt/airflow/dags/minimization_dag.py
[2025-05-19T14:15:58.014+0000] {processor.py:178} INFO - Processing /opt/airflow/dags/minimization_dag.py took 0.032 seconds
[2025-05-19T14:16:28.933+0000] {processor.py:156} INFO - Started process (PID=582) to work on /opt/airflow/dags/minimization_dag.py
[2025-05-19T14:16:28.934+0000] {processor.py:758} INFO - Processing file /opt/airflow/dags/minimization_dag.py for tasks to queue
[2025-05-19T14:16:28.935+0000] {logging_mixin.py:117} INFO - [2025-05-19T14:16:28.935+0000] {dagbag.py:525} INFO - Filling up the DagBag from /opt/airflow/dags/minimization_dag.py
[2025-05-19T14:16:28.939+0000] {logging_mixin.py:117} INFO - [2025-05-19T14:16:28.939+0000] {dagbag.py:330} ERROR - Failed to import: /opt/airflow/dags/minimization_dag.py
Traceback (most recent call last):
  File "/home/airflow/.local/lib/python3.7/site-packages/airflow/models/dagbag.py", line 326, in parse
    loader.exec_module(new_module)
  File "<frozen importlib._bootstrap_external>", line 728, in exec_module
  File "<frozen importlib._bootstrap>", line 219, in _call_with_frames_removed
  File "/opt/airflow/dags/minimization_dag.py", line 3, in <module>
    from airflow.providers.standard.sensors.external_task import ExternalTaskSensor
ModuleNotFoundError: No module named 'airflow.providers.standard'
[2025-05-19T14:16:28.940+0000] {processor.py:770} WARNING - No viable dags retrieved from /opt/airflow/dags/minimization_dag.py
[2025-05-19T14:16:28.959+0000] {processor.py:178} INFO - Processing /opt/airflow/dags/minimization_dag.py took 0.029 seconds
[2025-05-19T14:16:59.557+0000] {processor.py:156} INFO - Started process (PID=619) to work on /opt/airflow/dags/minimization_dag.py
[2025-05-19T14:16:59.557+0000] {processor.py:758} INFO - Processing file /opt/airflow/dags/minimization_dag.py for tasks to queue
[2025-05-19T14:16:59.558+0000] {logging_mixin.py:117} INFO - [2025-05-19T14:16:59.558+0000] {dagbag.py:525} INFO - Filling up the DagBag from /opt/airflow/dags/minimization_dag.py
[2025-05-19T14:16:59.563+0000] {logging_mixin.py:117} INFO - [2025-05-19T14:16:59.562+0000] {dagbag.py:330} ERROR - Failed to import: /opt/airflow/dags/minimization_dag.py
Traceback (most recent call last):
  File "/home/airflow/.local/lib/python3.7/site-packages/airflow/models/dagbag.py", line 326, in parse
    loader.exec_module(new_module)
  File "<frozen importlib._bootstrap_external>", line 728, in exec_module
  File "<frozen importlib._bootstrap>", line 219, in _call_with_frames_removed
  File "/opt/airflow/dags/minimization_dag.py", line 3, in <module>
    from airflow.providers.standard.sensors.external_task import ExternalTaskSensor
ModuleNotFoundError: No module named 'airflow.providers.standard'
[2025-05-19T14:16:59.563+0000] {processor.py:770} WARNING - No viable dags retrieved from /opt/airflow/dags/minimization_dag.py
[2025-05-19T14:16:59.578+0000] {processor.py:178} INFO - Processing /opt/airflow/dags/minimization_dag.py took 0.025 seconds
[2025-05-19T14:17:30.219+0000] {processor.py:156} INFO - Started process (PID=656) to work on /opt/airflow/dags/minimization_dag.py
[2025-05-19T14:17:30.223+0000] {processor.py:758} INFO - Processing file /opt/airflow/dags/minimization_dag.py for tasks to queue
[2025-05-19T14:17:30.223+0000] {logging_mixin.py:117} INFO - [2025-05-19T14:17:30.223+0000] {dagbag.py:525} INFO - Filling up the DagBag from /opt/airflow/dags/minimization_dag.py
[2025-05-19T14:17:30.229+0000] {logging_mixin.py:117} INFO - [2025-05-19T14:17:30.228+0000] {dagbag.py:330} ERROR - Failed to import: /opt/airflow/dags/minimization_dag.py
Traceback (most recent call last):
  File "/home/airflow/.local/lib/python3.7/site-packages/airflow/models/dagbag.py", line 326, in parse
    loader.exec_module(new_module)
  File "<frozen importlib._bootstrap_external>", line 728, in exec_module
  File "<frozen importlib._bootstrap>", line 219, in _call_with_frames_removed
  File "/opt/airflow/dags/minimization_dag.py", line 3, in <module>
    from airflow.providers.standard.sensors.external_task import ExternalTaskSensor
ModuleNotFoundError: No module named 'airflow.providers.standard'
[2025-05-19T14:17:30.229+0000] {processor.py:770} WARNING - No viable dags retrieved from /opt/airflow/dags/minimization_dag.py
[2025-05-19T14:17:30.249+0000] {processor.py:178} INFO - Processing /opt/airflow/dags/minimization_dag.py took 0.034 seconds
[2025-05-19T14:18:00.309+0000] {processor.py:156} INFO - Started process (PID=693) to work on /opt/airflow/dags/minimization_dag.py
[2025-05-19T14:18:00.309+0000] {processor.py:758} INFO - Processing file /opt/airflow/dags/minimization_dag.py for tasks to queue
[2025-05-19T14:18:00.310+0000] {logging_mixin.py:117} INFO - [2025-05-19T14:18:00.310+0000] {dagbag.py:525} INFO - Filling up the DagBag from /opt/airflow/dags/minimization_dag.py
[2025-05-19T14:18:00.317+0000] {logging_mixin.py:117} INFO - [2025-05-19T14:18:00.316+0000] {dagbag.py:330} ERROR - Failed to import: /opt/airflow/dags/minimization_dag.py
Traceback (most recent call last):
  File "/home/airflow/.local/lib/python3.7/site-packages/airflow/models/dagbag.py", line 326, in parse
    loader.exec_module(new_module)
  File "<frozen importlib._bootstrap_external>", line 728, in exec_module
  File "<frozen importlib._bootstrap>", line 219, in _call_with_frames_removed
  File "/opt/airflow/dags/minimization_dag.py", line 3, in <module>
    from airflow.providers.standard.sensors.external_task import ExternalTaskSensor
ModuleNotFoundError: No module named 'airflow.providers.standard'
[2025-05-19T14:18:00.318+0000] {processor.py:770} WARNING - No viable dags retrieved from /opt/airflow/dags/minimization_dag.py
[2025-05-19T14:18:00.343+0000] {processor.py:178} INFO - Processing /opt/airflow/dags/minimization_dag.py took 0.039 seconds
[2025-05-19T14:18:30.470+0000] {processor.py:156} INFO - Started process (PID=730) to work on /opt/airflow/dags/minimization_dag.py
[2025-05-19T14:18:30.473+0000] {processor.py:758} INFO - Processing file /opt/airflow/dags/minimization_dag.py for tasks to queue
[2025-05-19T14:18:30.474+0000] {logging_mixin.py:117} INFO - [2025-05-19T14:18:30.474+0000] {dagbag.py:525} INFO - Filling up the DagBag from /opt/airflow/dags/minimization_dag.py
[2025-05-19T14:18:30.480+0000] {logging_mixin.py:117} INFO - [2025-05-19T14:18:30.480+0000] {dagbag.py:330} ERROR - Failed to import: /opt/airflow/dags/minimization_dag.py
Traceback (most recent call last):
  File "/home/airflow/.local/lib/python3.7/site-packages/airflow/models/dagbag.py", line 326, in parse
    loader.exec_module(new_module)
  File "<frozen importlib._bootstrap_external>", line 728, in exec_module
  File "<frozen importlib._bootstrap>", line 219, in _call_with_frames_removed
  File "/opt/airflow/dags/minimization_dag.py", line 3, in <module>
    from airflow.providers.standard.sensors.external_task import ExternalTaskSensor
ModuleNotFoundError: No module named 'airflow.providers.standard'
[2025-05-19T14:18:30.481+0000] {processor.py:770} WARNING - No viable dags retrieved from /opt/airflow/dags/minimization_dag.py
[2025-05-19T14:18:30.499+0000] {processor.py:178} INFO - Processing /opt/airflow/dags/minimization_dag.py took 0.031 seconds
[2025-05-19T14:19:00.935+0000] {processor.py:156} INFO - Started process (PID=767) to work on /opt/airflow/dags/minimization_dag.py
[2025-05-19T14:19:00.936+0000] {processor.py:758} INFO - Processing file /opt/airflow/dags/minimization_dag.py for tasks to queue
[2025-05-19T14:19:00.937+0000] {logging_mixin.py:117} INFO - [2025-05-19T14:19:00.936+0000] {dagbag.py:525} INFO - Filling up the DagBag from /opt/airflow/dags/minimization_dag.py
[2025-05-19T14:19:00.943+0000] {logging_mixin.py:117} INFO - [2025-05-19T14:19:00.942+0000] {dagbag.py:330} ERROR - Failed to import: /opt/airflow/dags/minimization_dag.py
Traceback (most recent call last):
  File "/home/airflow/.local/lib/python3.7/site-packages/airflow/models/dagbag.py", line 326, in parse
    loader.exec_module(new_module)
  File "<frozen importlib._bootstrap_external>", line 728, in exec_module
  File "<frozen importlib._bootstrap>", line 219, in _call_with_frames_removed
  File "/opt/airflow/dags/minimization_dag.py", line 3, in <module>
    from airflow.providers.standard.sensors.external_task import ExternalTaskSensor
ModuleNotFoundError: No module named 'airflow.providers.standard'
[2025-05-19T14:19:00.943+0000] {processor.py:770} WARNING - No viable dags retrieved from /opt/airflow/dags/minimization_dag.py
[2025-05-19T14:19:00.981+0000] {processor.py:178} INFO - Processing /opt/airflow/dags/minimization_dag.py took 0.048 seconds
[2025-05-19T14:19:31.848+0000] {processor.py:156} INFO - Started process (PID=804) to work on /opt/airflow/dags/minimization_dag.py
[2025-05-19T14:19:31.852+0000] {processor.py:758} INFO - Processing file /opt/airflow/dags/minimization_dag.py for tasks to queue
[2025-05-19T14:19:31.853+0000] {logging_mixin.py:117} INFO - [2025-05-19T14:19:31.853+0000] {dagbag.py:525} INFO - Filling up the DagBag from /opt/airflow/dags/minimization_dag.py
[2025-05-19T14:19:31.858+0000] {logging_mixin.py:117} INFO - [2025-05-19T14:19:31.857+0000] {dagbag.py:330} ERROR - Failed to import: /opt/airflow/dags/minimization_dag.py
Traceback (most recent call last):
  File "/home/airflow/.local/lib/python3.7/site-packages/airflow/models/dagbag.py", line 326, in parse
    loader.exec_module(new_module)
  File "<frozen importlib._bootstrap_external>", line 728, in exec_module
  File "<frozen importlib._bootstrap>", line 219, in _call_with_frames_removed
  File "/opt/airflow/dags/minimization_dag.py", line 3, in <module>
    from airflow.providers.standard.sensors.external_task import ExternalTaskSensor
ModuleNotFoundError: No module named 'airflow.providers.standard'
[2025-05-19T14:19:31.858+0000] {processor.py:770} WARNING - No viable dags retrieved from /opt/airflow/dags/minimization_dag.py
[2025-05-19T14:19:31.878+0000] {processor.py:178} INFO - Processing /opt/airflow/dags/minimization_dag.py took 0.033 seconds
[2025-05-19T14:20:02.885+0000] {processor.py:156} INFO - Started process (PID=841) to work on /opt/airflow/dags/minimization_dag.py
[2025-05-19T14:20:02.888+0000] {processor.py:758} INFO - Processing file /opt/airflow/dags/minimization_dag.py for tasks to queue
[2025-05-19T14:20:02.889+0000] {logging_mixin.py:117} INFO - [2025-05-19T14:20:02.889+0000] {dagbag.py:525} INFO - Filling up the DagBag from /opt/airflow/dags/minimization_dag.py
[2025-05-19T14:20:02.898+0000] {logging_mixin.py:117} INFO - [2025-05-19T14:20:02.898+0000] {dagbag.py:330} ERROR - Failed to import: /opt/airflow/dags/minimization_dag.py
Traceback (most recent call last):
  File "/home/airflow/.local/lib/python3.7/site-packages/airflow/models/dagbag.py", line 326, in parse
    loader.exec_module(new_module)
  File "<frozen importlib._bootstrap_external>", line 728, in exec_module
  File "<frozen importlib._bootstrap>", line 219, in _call_with_frames_removed
  File "/opt/airflow/dags/minimization_dag.py", line 3, in <module>
    from airflow.providers.standard.sensors.external_task import ExternalTaskSensor
ModuleNotFoundError: No module named 'airflow.providers.standard'
[2025-05-19T14:20:02.899+0000] {processor.py:770} WARNING - No viable dags retrieved from /opt/airflow/dags/minimization_dag.py
[2025-05-19T14:20:02.921+0000] {processor.py:178} INFO - Processing /opt/airflow/dags/minimization_dag.py took 0.041 seconds
[2025-05-19T14:21:07.276+0000] {processor.py:156} INFO - Started process (PID=184) to work on /opt/airflow/dags/minimization_dag.py
[2025-05-19T14:21:07.277+0000] {processor.py:758} INFO - Processing file /opt/airflow/dags/minimization_dag.py for tasks to queue
[2025-05-19T14:21:07.278+0000] {logging_mixin.py:117} INFO - [2025-05-19T14:21:07.278+0000] {dagbag.py:525} INFO - Filling up the DagBag from /opt/airflow/dags/minimization_dag.py
[2025-05-19T14:21:07.292+0000] {logging_mixin.py:117} INFO - [2025-05-19T14:21:07.291+0000] {dagbag.py:330} ERROR - Failed to import: /opt/airflow/dags/minimization_dag.py
Traceback (most recent call last):
  File "/home/airflow/.local/lib/python3.7/site-packages/airflow/models/dagbag.py", line 326, in parse
    loader.exec_module(new_module)
  File "<frozen importlib._bootstrap_external>", line 728, in exec_module
  File "<frozen importlib._bootstrap>", line 219, in _call_with_frames_removed
  File "/opt/airflow/dags/minimization_dag.py", line 3, in <module>
    from airflow.providers.standard.sensors.external_task import ExternalTaskSensor
ModuleNotFoundError: No module named 'airflow.providers.standard'
[2025-05-19T14:21:07.292+0000] {processor.py:770} WARNING - No viable dags retrieved from /opt/airflow/dags/minimization_dag.py
[2025-05-19T14:21:07.314+0000] {processor.py:178} INFO - Processing /opt/airflow/dags/minimization_dag.py took 0.041 seconds
[2025-05-19T14:21:38.061+0000] {processor.py:156} INFO - Started process (PID=222) to work on /opt/airflow/dags/minimization_dag.py
[2025-05-19T14:21:38.065+0000] {processor.py:758} INFO - Processing file /opt/airflow/dags/minimization_dag.py for tasks to queue
[2025-05-19T14:21:38.065+0000] {logging_mixin.py:117} INFO - [2025-05-19T14:21:38.065+0000] {dagbag.py:525} INFO - Filling up the DagBag from /opt/airflow/dags/minimization_dag.py
[2025-05-19T14:21:38.072+0000] {logging_mixin.py:117} INFO - [2025-05-19T14:21:38.071+0000] {dagbag.py:330} ERROR - Failed to import: /opt/airflow/dags/minimization_dag.py
Traceback (most recent call last):
  File "/home/airflow/.local/lib/python3.7/site-packages/airflow/models/dagbag.py", line 326, in parse
    loader.exec_module(new_module)
  File "<frozen importlib._bootstrap_external>", line 728, in exec_module
  File "<frozen importlib._bootstrap>", line 219, in _call_with_frames_removed
  File "/opt/airflow/dags/minimization_dag.py", line 3, in <module>
    from airflow.providers.standard.sensors.external_task import ExternalTaskSensor
ModuleNotFoundError: No module named 'airflow.providers.standard'
[2025-05-19T14:21:38.072+0000] {processor.py:770} WARNING - No viable dags retrieved from /opt/airflow/dags/minimization_dag.py
[2025-05-19T14:21:38.092+0000] {processor.py:178} INFO - Processing /opt/airflow/dags/minimization_dag.py took 0.034 seconds
[2025-05-19T14:22:08.822+0000] {processor.py:156} INFO - Started process (PID=259) to work on /opt/airflow/dags/minimization_dag.py
[2025-05-19T14:22:08.836+0000] {processor.py:758} INFO - Processing file /opt/airflow/dags/minimization_dag.py for tasks to queue
[2025-05-19T14:22:08.836+0000] {logging_mixin.py:117} INFO - [2025-05-19T14:22:08.836+0000] {dagbag.py:525} INFO - Filling up the DagBag from /opt/airflow/dags/minimization_dag.py
[2025-05-19T14:22:08.841+0000] {logging_mixin.py:117} INFO - [2025-05-19T14:22:08.840+0000] {dagbag.py:330} ERROR - Failed to import: /opt/airflow/dags/minimization_dag.py
Traceback (most recent call last):
  File "/home/airflow/.local/lib/python3.7/site-packages/airflow/models/dagbag.py", line 326, in parse
    loader.exec_module(new_module)
  File "<frozen importlib._bootstrap_external>", line 728, in exec_module
  File "<frozen importlib._bootstrap>", line 219, in _call_with_frames_removed
  File "/opt/airflow/dags/minimization_dag.py", line 3, in <module>
    from airflow.providers.standard.sensors.external_task import ExternalTaskSensor
ModuleNotFoundError: No module named 'airflow.providers.standard'
[2025-05-19T14:22:08.841+0000] {processor.py:770} WARNING - No viable dags retrieved from /opt/airflow/dags/minimization_dag.py
[2025-05-19T14:22:08.871+0000] {processor.py:178} INFO - Processing /opt/airflow/dags/minimization_dag.py took 0.051 seconds
[2025-05-19T14:22:39.408+0000] {processor.py:156} INFO - Started process (PID=296) to work on /opt/airflow/dags/minimization_dag.py
[2025-05-19T14:22:39.412+0000] {processor.py:758} INFO - Processing file /opt/airflow/dags/minimization_dag.py for tasks to queue
[2025-05-19T14:22:39.413+0000] {logging_mixin.py:117} INFO - [2025-05-19T14:22:39.412+0000] {dagbag.py:525} INFO - Filling up the DagBag from /opt/airflow/dags/minimization_dag.py
[2025-05-19T14:22:39.422+0000] {logging_mixin.py:117} INFO - [2025-05-19T14:22:39.421+0000] {dagbag.py:330} ERROR - Failed to import: /opt/airflow/dags/minimization_dag.py
Traceback (most recent call last):
  File "/home/airflow/.local/lib/python3.7/site-packages/airflow/models/dagbag.py", line 326, in parse
    loader.exec_module(new_module)
  File "<frozen importlib._bootstrap_external>", line 728, in exec_module
  File "<frozen importlib._bootstrap>", line 219, in _call_with_frames_removed
  File "/opt/airflow/dags/minimization_dag.py", line 3, in <module>
    from airflow.providers.standard.sensors.external_task import ExternalTaskSensor
ModuleNotFoundError: No module named 'airflow.providers.standard'
[2025-05-19T14:22:39.422+0000] {processor.py:770} WARNING - No viable dags retrieved from /opt/airflow/dags/minimization_dag.py
[2025-05-19T14:22:39.447+0000] {processor.py:178} INFO - Processing /opt/airflow/dags/minimization_dag.py took 0.040 seconds
[2025-05-19T14:23:10.196+0000] {processor.py:156} INFO - Started process (PID=333) to work on /opt/airflow/dags/minimization_dag.py
[2025-05-19T14:23:10.197+0000] {processor.py:758} INFO - Processing file /opt/airflow/dags/minimization_dag.py for tasks to queue
[2025-05-19T14:23:10.198+0000] {logging_mixin.py:117} INFO - [2025-05-19T14:23:10.198+0000] {dagbag.py:525} INFO - Filling up the DagBag from /opt/airflow/dags/minimization_dag.py
[2025-05-19T14:23:10.204+0000] {logging_mixin.py:117} INFO - [2025-05-19T14:23:10.204+0000] {dagbag.py:330} ERROR - Failed to import: /opt/airflow/dags/minimization_dag.py
Traceback (most recent call last):
  File "/home/airflow/.local/lib/python3.7/site-packages/airflow/models/dagbag.py", line 326, in parse
    loader.exec_module(new_module)
  File "<frozen importlib._bootstrap_external>", line 728, in exec_module
  File "<frozen importlib._bootstrap>", line 219, in _call_with_frames_removed
  File "/opt/airflow/dags/minimization_dag.py", line 3, in <module>
    from airflow.providers.standard.sensors.external_task import ExternalTaskSensor
ModuleNotFoundError: No module named 'airflow.providers.standard'
[2025-05-19T14:23:10.205+0000] {processor.py:770} WARNING - No viable dags retrieved from /opt/airflow/dags/minimization_dag.py
[2025-05-19T14:23:10.225+0000] {processor.py:178} INFO - Processing /opt/airflow/dags/minimization_dag.py took 0.033 seconds
[2025-05-19T14:23:40.846+0000] {processor.py:156} INFO - Started process (PID=371) to work on /opt/airflow/dags/minimization_dag.py
[2025-05-19T14:23:40.850+0000] {processor.py:758} INFO - Processing file /opt/airflow/dags/minimization_dag.py for tasks to queue
[2025-05-19T14:23:40.851+0000] {logging_mixin.py:117} INFO - [2025-05-19T14:23:40.851+0000] {dagbag.py:525} INFO - Filling up the DagBag from /opt/airflow/dags/minimization_dag.py
[2025-05-19T14:23:40.856+0000] {logging_mixin.py:117} INFO - [2025-05-19T14:23:40.856+0000] {dagbag.py:330} ERROR - Failed to import: /opt/airflow/dags/minimization_dag.py
Traceback (most recent call last):
  File "/home/airflow/.local/lib/python3.7/site-packages/airflow/models/dagbag.py", line 326, in parse
    loader.exec_module(new_module)
  File "<frozen importlib._bootstrap_external>", line 728, in exec_module
  File "<frozen importlib._bootstrap>", line 219, in _call_with_frames_removed
  File "/opt/airflow/dags/minimization_dag.py", line 3, in <module>
    from airflow.providers.standard.sensors.external_task import ExternalTaskSensor
ModuleNotFoundError: No module named 'airflow.providers.standard'
[2025-05-19T14:23:40.857+0000] {processor.py:770} WARNING - No viable dags retrieved from /opt/airflow/dags/minimization_dag.py
[2025-05-19T14:23:40.879+0000] {processor.py:178} INFO - Processing /opt/airflow/dags/minimization_dag.py took 0.034 seconds
[2025-05-19T14:24:11.708+0000] {processor.py:156} INFO - Started process (PID=408) to work on /opt/airflow/dags/minimization_dag.py
[2025-05-19T14:24:11.710+0000] {processor.py:758} INFO - Processing file /opt/airflow/dags/minimization_dag.py for tasks to queue
[2025-05-19T14:24:11.710+0000] {logging_mixin.py:117} INFO - [2025-05-19T14:24:11.710+0000] {dagbag.py:525} INFO - Filling up the DagBag from /opt/airflow/dags/minimization_dag.py
[2025-05-19T14:24:11.718+0000] {logging_mixin.py:117} INFO - [2025-05-19T14:24:11.717+0000] {dagbag.py:330} ERROR - Failed to import: /opt/airflow/dags/minimization_dag.py
Traceback (most recent call last):
  File "/home/airflow/.local/lib/python3.7/site-packages/airflow/models/dagbag.py", line 326, in parse
    loader.exec_module(new_module)
  File "<frozen importlib._bootstrap_external>", line 728, in exec_module
  File "<frozen importlib._bootstrap>", line 219, in _call_with_frames_removed
  File "/opt/airflow/dags/minimization_dag.py", line 3, in <module>
    from airflow.providers.standard.sensors.external_task import ExternalTaskSensor
ModuleNotFoundError: No module named 'airflow.providers.standard'
[2025-05-19T14:24:11.718+0000] {processor.py:770} WARNING - No viable dags retrieved from /opt/airflow/dags/minimization_dag.py
[2025-05-19T14:24:11.733+0000] {processor.py:178} INFO - Processing /opt/airflow/dags/minimization_dag.py took 0.027 seconds
[2025-05-19T14:24:41.878+0000] {processor.py:156} INFO - Started process (PID=446) to work on /opt/airflow/dags/minimization_dag.py
[2025-05-19T14:24:41.882+0000] {processor.py:758} INFO - Processing file /opt/airflow/dags/minimization_dag.py for tasks to queue
[2025-05-19T14:24:41.882+0000] {logging_mixin.py:117} INFO - [2025-05-19T14:24:41.882+0000] {dagbag.py:525} INFO - Filling up the DagBag from /opt/airflow/dags/minimization_dag.py
[2025-05-19T14:24:41.890+0000] {logging_mixin.py:117} INFO - [2025-05-19T14:24:41.889+0000] {dagbag.py:330} ERROR - Failed to import: /opt/airflow/dags/minimization_dag.py
Traceback (most recent call last):
  File "/home/airflow/.local/lib/python3.7/site-packages/airflow/models/dagbag.py", line 326, in parse
    loader.exec_module(new_module)
  File "<frozen importlib._bootstrap_external>", line 728, in exec_module
  File "<frozen importlib._bootstrap>", line 219, in _call_with_frames_removed
  File "/opt/airflow/dags/minimization_dag.py", line 3, in <module>
    from airflow.providers.standard.sensors.external_task import ExternalTaskSensor
ModuleNotFoundError: No module named 'airflow.providers.standard'
[2025-05-19T14:24:41.890+0000] {processor.py:770} WARNING - No viable dags retrieved from /opt/airflow/dags/minimization_dag.py
[2025-05-19T14:24:41.910+0000] {processor.py:178} INFO - Processing /opt/airflow/dags/minimization_dag.py took 0.037 seconds
[2025-05-19T14:25:12.569+0000] {processor.py:156} INFO - Started process (PID=483) to work on /opt/airflow/dags/minimization_dag.py
[2025-05-19T14:25:12.570+0000] {processor.py:758} INFO - Processing file /opt/airflow/dags/minimization_dag.py for tasks to queue
[2025-05-19T14:25:12.571+0000] {logging_mixin.py:117} INFO - [2025-05-19T14:25:12.571+0000] {dagbag.py:525} INFO - Filling up the DagBag from /opt/airflow/dags/minimization_dag.py
[2025-05-19T14:25:12.578+0000] {logging_mixin.py:117} INFO - [2025-05-19T14:25:12.577+0000] {dagbag.py:330} ERROR - Failed to import: /opt/airflow/dags/minimization_dag.py
Traceback (most recent call last):
  File "/home/airflow/.local/lib/python3.7/site-packages/airflow/models/dagbag.py", line 326, in parse
    loader.exec_module(new_module)
  File "<frozen importlib._bootstrap_external>", line 728, in exec_module
  File "<frozen importlib._bootstrap>", line 219, in _call_with_frames_removed
  File "/opt/airflow/dags/minimization_dag.py", line 3, in <module>
    from airflow.providers.standard.sensors.external_task import ExternalTaskSensor
ModuleNotFoundError: No module named 'airflow.providers.standard'
[2025-05-19T14:25:12.578+0000] {processor.py:770} WARNING - No viable dags retrieved from /opt/airflow/dags/minimization_dag.py
[2025-05-19T14:25:12.596+0000] {processor.py:178} INFO - Processing /opt/airflow/dags/minimization_dag.py took 0.031 seconds
[2025-05-19T14:25:43.325+0000] {processor.py:156} INFO - Started process (PID=520) to work on /opt/airflow/dags/minimization_dag.py
[2025-05-19T14:25:43.337+0000] {processor.py:758} INFO - Processing file /opt/airflow/dags/minimization_dag.py for tasks to queue
[2025-05-19T14:25:43.338+0000] {logging_mixin.py:117} INFO - [2025-05-19T14:25:43.338+0000] {dagbag.py:525} INFO - Filling up the DagBag from /opt/airflow/dags/minimization_dag.py
[2025-05-19T14:25:43.344+0000] {logging_mixin.py:117} INFO - [2025-05-19T14:25:43.343+0000] {dagbag.py:330} ERROR - Failed to import: /opt/airflow/dags/minimization_dag.py
Traceback (most recent call last):
  File "/home/airflow/.local/lib/python3.7/site-packages/airflow/models/dagbag.py", line 326, in parse
    loader.exec_module(new_module)
  File "<frozen importlib._bootstrap_external>", line 728, in exec_module
  File "<frozen importlib._bootstrap>", line 219, in _call_with_frames_removed
  File "/opt/airflow/dags/minimization_dag.py", line 3, in <module>
    from airflow.providers.standard.sensors.external_task import ExternalTaskSensor
ModuleNotFoundError: No module named 'airflow.providers.standard'
[2025-05-19T14:25:43.344+0000] {processor.py:770} WARNING - No viable dags retrieved from /opt/airflow/dags/minimization_dag.py
[2025-05-19T14:25:43.523+0000] {processor.py:178} INFO - Processing /opt/airflow/dags/minimization_dag.py took 0.201 seconds
[2025-05-19T14:26:14.280+0000] {processor.py:156} INFO - Started process (PID=557) to work on /opt/airflow/dags/minimization_dag.py
[2025-05-19T14:26:14.284+0000] {processor.py:758} INFO - Processing file /opt/airflow/dags/minimization_dag.py for tasks to queue
[2025-05-19T14:26:14.285+0000] {logging_mixin.py:117} INFO - [2025-05-19T14:26:14.285+0000] {dagbag.py:525} INFO - Filling up the DagBag from /opt/airflow/dags/minimization_dag.py
[2025-05-19T14:26:14.290+0000] {logging_mixin.py:117} INFO - [2025-05-19T14:26:14.289+0000] {dagbag.py:330} ERROR - Failed to import: /opt/airflow/dags/minimization_dag.py
Traceback (most recent call last):
  File "/home/airflow/.local/lib/python3.7/site-packages/airflow/models/dagbag.py", line 326, in parse
    loader.exec_module(new_module)
  File "<frozen importlib._bootstrap_external>", line 728, in exec_module
  File "<frozen importlib._bootstrap>", line 219, in _call_with_frames_removed
  File "/opt/airflow/dags/minimization_dag.py", line 3, in <module>
    from airflow.providers.standard.sensors.external_task import ExternalTaskSensor
ModuleNotFoundError: No module named 'airflow.providers.standard'
[2025-05-19T14:26:14.290+0000] {processor.py:770} WARNING - No viable dags retrieved from /opt/airflow/dags/minimization_dag.py
[2025-05-19T14:26:14.314+0000] {processor.py:178} INFO - Processing /opt/airflow/dags/minimization_dag.py took 0.038 seconds
[2025-05-19T14:26:45.183+0000] {processor.py:156} INFO - Started process (PID=595) to work on /opt/airflow/dags/minimization_dag.py
[2025-05-19T14:26:45.184+0000] {processor.py:758} INFO - Processing file /opt/airflow/dags/minimization_dag.py for tasks to queue
[2025-05-19T14:26:45.185+0000] {logging_mixin.py:117} INFO - [2025-05-19T14:26:45.185+0000] {dagbag.py:525} INFO - Filling up the DagBag from /opt/airflow/dags/minimization_dag.py
[2025-05-19T14:26:45.192+0000] {logging_mixin.py:117} INFO - [2025-05-19T14:26:45.191+0000] {dagbag.py:330} ERROR - Failed to import: /opt/airflow/dags/minimization_dag.py
Traceback (most recent call last):
  File "/home/airflow/.local/lib/python3.7/site-packages/airflow/models/dagbag.py", line 326, in parse
    loader.exec_module(new_module)
  File "<frozen importlib._bootstrap_external>", line 728, in exec_module
  File "<frozen importlib._bootstrap>", line 219, in _call_with_frames_removed
  File "/opt/airflow/dags/minimization_dag.py", line 3, in <module>
    from airflow.providers.standard.sensors.external_task import ExternalTaskSensor
ModuleNotFoundError: No module named 'airflow.providers.standard'
[2025-05-19T14:26:45.192+0000] {processor.py:770} WARNING - No viable dags retrieved from /opt/airflow/dags/minimization_dag.py
[2025-05-19T14:26:45.214+0000] {processor.py:178} INFO - Processing /opt/airflow/dags/minimization_dag.py took 0.035 seconds
[2025-05-19T14:27:15.920+0000] {processor.py:156} INFO - Started process (PID=632) to work on /opt/airflow/dags/minimization_dag.py
[2025-05-19T14:27:15.922+0000] {processor.py:758} INFO - Processing file /opt/airflow/dags/minimization_dag.py for tasks to queue
[2025-05-19T14:27:15.923+0000] {logging_mixin.py:117} INFO - [2025-05-19T14:27:15.922+0000] {dagbag.py:525} INFO - Filling up the DagBag from /opt/airflow/dags/minimization_dag.py
[2025-05-19T14:27:15.931+0000] {logging_mixin.py:117} INFO - [2025-05-19T14:27:15.930+0000] {dagbag.py:330} ERROR - Failed to import: /opt/airflow/dags/minimization_dag.py
Traceback (most recent call last):
  File "/home/airflow/.local/lib/python3.7/site-packages/airflow/models/dagbag.py", line 326, in parse
    loader.exec_module(new_module)
  File "<frozen importlib._bootstrap_external>", line 728, in exec_module
  File "<frozen importlib._bootstrap>", line 219, in _call_with_frames_removed
  File "/opt/airflow/dags/minimization_dag.py", line 3, in <module>
    from airflow.providers.standard.sensors.external_task import ExternalTaskSensor
ModuleNotFoundError: No module named 'airflow.providers.standard'
[2025-05-19T14:27:15.931+0000] {processor.py:770} WARNING - No viable dags retrieved from /opt/airflow/dags/minimization_dag.py
[2025-05-19T14:27:15.953+0000] {processor.py:178} INFO - Processing /opt/airflow/dags/minimization_dag.py took 0.036 seconds
[2025-05-19T14:27:46.748+0000] {processor.py:156} INFO - Started process (PID=669) to work on /opt/airflow/dags/minimization_dag.py
[2025-05-19T14:27:46.752+0000] {processor.py:758} INFO - Processing file /opt/airflow/dags/minimization_dag.py for tasks to queue
[2025-05-19T14:27:46.753+0000] {logging_mixin.py:117} INFO - [2025-05-19T14:27:46.753+0000] {dagbag.py:525} INFO - Filling up the DagBag from /opt/airflow/dags/minimization_dag.py
[2025-05-19T14:27:46.761+0000] {logging_mixin.py:117} INFO - [2025-05-19T14:27:46.761+0000] {dagbag.py:330} ERROR - Failed to import: /opt/airflow/dags/minimization_dag.py
Traceback (most recent call last):
  File "/home/airflow/.local/lib/python3.7/site-packages/airflow/models/dagbag.py", line 326, in parse
    loader.exec_module(new_module)
  File "<frozen importlib._bootstrap_external>", line 728, in exec_module
  File "<frozen importlib._bootstrap>", line 219, in _call_with_frames_removed
  File "/opt/airflow/dags/minimization_dag.py", line 3, in <module>
    from airflow.providers.standard.sensors.external_task import ExternalTaskSensor
ModuleNotFoundError: No module named 'airflow.providers.standard'
[2025-05-19T14:27:46.762+0000] {processor.py:770} WARNING - No viable dags retrieved from /opt/airflow/dags/minimization_dag.py
[2025-05-19T14:27:46.799+0000] {processor.py:178} INFO - Processing /opt/airflow/dags/minimization_dag.py took 0.055 seconds
[2025-05-19T14:28:17.532+0000] {processor.py:156} INFO - Started process (PID=704) to work on /opt/airflow/dags/minimization_dag.py
[2025-05-19T14:28:17.533+0000] {processor.py:758} INFO - Processing file /opt/airflow/dags/minimization_dag.py for tasks to queue
[2025-05-19T14:28:17.534+0000] {logging_mixin.py:117} INFO - [2025-05-19T14:28:17.533+0000] {dagbag.py:525} INFO - Filling up the DagBag from /opt/airflow/dags/minimization_dag.py
[2025-05-19T14:28:17.540+0000] {logging_mixin.py:117} INFO - [2025-05-19T14:28:17.538+0000] {dagbag.py:330} ERROR - Failed to import: /opt/airflow/dags/minimization_dag.py
Traceback (most recent call last):
  File "/home/airflow/.local/lib/python3.7/site-packages/airflow/models/dagbag.py", line 326, in parse
    loader.exec_module(new_module)
  File "<frozen importlib._bootstrap_external>", line 728, in exec_module
  File "<frozen importlib._bootstrap>", line 219, in _call_with_frames_removed
  File "/opt/airflow/dags/minimization_dag.py", line 3, in <module>
    from airflow.providers.standard.sensors.external_task import ExternalTaskSensor
ModuleNotFoundError: No module named 'airflow.providers.standard'
[2025-05-19T14:28:17.540+0000] {processor.py:770} WARNING - No viable dags retrieved from /opt/airflow/dags/minimization_dag.py
[2025-05-19T14:28:17.581+0000] {processor.py:178} INFO - Processing /opt/airflow/dags/minimization_dag.py took 0.053 seconds
[2025-05-19T14:28:48.159+0000] {processor.py:156} INFO - Started process (PID=734) to work on /opt/airflow/dags/minimization_dag.py
[2025-05-19T14:28:48.160+0000] {processor.py:758} INFO - Processing file /opt/airflow/dags/minimization_dag.py for tasks to queue
[2025-05-19T14:28:48.161+0000] {logging_mixin.py:117} INFO - [2025-05-19T14:28:48.161+0000] {dagbag.py:525} INFO - Filling up the DagBag from /opt/airflow/dags/minimization_dag.py
[2025-05-19T14:28:48.169+0000] {logging_mixin.py:117} INFO - [2025-05-19T14:28:48.168+0000] {dagbag.py:330} ERROR - Failed to import: /opt/airflow/dags/minimization_dag.py
Traceback (most recent call last):
  File "/home/airflow/.local/lib/python3.7/site-packages/airflow/models/dagbag.py", line 326, in parse
    loader.exec_module(new_module)
  File "<frozen importlib._bootstrap_external>", line 728, in exec_module
  File "<frozen importlib._bootstrap>", line 219, in _call_with_frames_removed
  File "/opt/airflow/dags/minimization_dag.py", line 3, in <module>
    from airflow.providers.standard.sensors.external_task import ExternalTaskSensor
ModuleNotFoundError: No module named 'airflow.providers.standard'
[2025-05-19T14:28:48.170+0000] {processor.py:770} WARNING - No viable dags retrieved from /opt/airflow/dags/minimization_dag.py
[2025-05-19T14:28:48.188+0000] {processor.py:178} INFO - Processing /opt/airflow/dags/minimization_dag.py took 0.034 seconds
[2025-05-19T14:29:18.864+0000] {processor.py:156} INFO - Started process (PID=770) to work on /opt/airflow/dags/minimization_dag.py
[2025-05-19T14:29:18.867+0000] {processor.py:758} INFO - Processing file /opt/airflow/dags/minimization_dag.py for tasks to queue
[2025-05-19T14:29:18.868+0000] {logging_mixin.py:117} INFO - [2025-05-19T14:29:18.867+0000] {dagbag.py:525} INFO - Filling up the DagBag from /opt/airflow/dags/minimization_dag.py
[2025-05-19T14:29:18.872+0000] {logging_mixin.py:117} INFO - [2025-05-19T14:29:18.871+0000] {dagbag.py:330} ERROR - Failed to import: /opt/airflow/dags/minimization_dag.py
Traceback (most recent call last):
  File "/home/airflow/.local/lib/python3.7/site-packages/airflow/models/dagbag.py", line 326, in parse
    loader.exec_module(new_module)
  File "<frozen importlib._bootstrap_external>", line 728, in exec_module
  File "<frozen importlib._bootstrap>", line 219, in _call_with_frames_removed
  File "/opt/airflow/dags/minimization_dag.py", line 3, in <module>
    from airflow.providers.standard.sensors.external_task import ExternalTaskSensor
ModuleNotFoundError: No module named 'airflow.providers.standard'
[2025-05-19T14:29:18.873+0000] {processor.py:770} WARNING - No viable dags retrieved from /opt/airflow/dags/minimization_dag.py
[2025-05-19T14:29:18.894+0000] {processor.py:178} INFO - Processing /opt/airflow/dags/minimization_dag.py took 0.038 seconds
[2025-05-19T14:29:49.587+0000] {processor.py:156} INFO - Started process (PID=807) to work on /opt/airflow/dags/minimization_dag.py
[2025-05-19T14:29:49.591+0000] {processor.py:758} INFO - Processing file /opt/airflow/dags/minimization_dag.py for tasks to queue
[2025-05-19T14:29:49.591+0000] {logging_mixin.py:117} INFO - [2025-05-19T14:29:49.591+0000] {dagbag.py:525} INFO - Filling up the DagBag from /opt/airflow/dags/minimization_dag.py
[2025-05-19T14:29:49.598+0000] {logging_mixin.py:117} INFO - [2025-05-19T14:29:49.597+0000] {dagbag.py:330} ERROR - Failed to import: /opt/airflow/dags/minimization_dag.py
Traceback (most recent call last):
  File "/home/airflow/.local/lib/python3.7/site-packages/airflow/models/dagbag.py", line 326, in parse
    loader.exec_module(new_module)
  File "<frozen importlib._bootstrap_external>", line 728, in exec_module
  File "<frozen importlib._bootstrap>", line 219, in _call_with_frames_removed
  File "/opt/airflow/dags/minimization_dag.py", line 3, in <module>
    from airflow.providers.standard.sensors.external_task import ExternalTaskSensor
ModuleNotFoundError: No module named 'airflow.providers.standard'
[2025-05-19T14:29:49.598+0000] {processor.py:770} WARNING - No viable dags retrieved from /opt/airflow/dags/minimization_dag.py
[2025-05-19T14:29:49.621+0000] {processor.py:178} INFO - Processing /opt/airflow/dags/minimization_dag.py took 0.040 seconds
[2025-05-19T14:30:20.496+0000] {processor.py:156} INFO - Started process (PID=844) to work on /opt/airflow/dags/minimization_dag.py
[2025-05-19T14:30:20.497+0000] {processor.py:758} INFO - Processing file /opt/airflow/dags/minimization_dag.py for tasks to queue
[2025-05-19T14:30:20.498+0000] {logging_mixin.py:117} INFO - [2025-05-19T14:30:20.498+0000] {dagbag.py:525} INFO - Filling up the DagBag from /opt/airflow/dags/minimization_dag.py
[2025-05-19T14:30:20.505+0000] {logging_mixin.py:117} INFO - [2025-05-19T14:30:20.504+0000] {dagbag.py:330} ERROR - Failed to import: /opt/airflow/dags/minimization_dag.py
Traceback (most recent call last):
  File "/home/airflow/.local/lib/python3.7/site-packages/airflow/models/dagbag.py", line 326, in parse
    loader.exec_module(new_module)
  File "<frozen importlib._bootstrap_external>", line 728, in exec_module
  File "<frozen importlib._bootstrap>", line 219, in _call_with_frames_removed
  File "/opt/airflow/dags/minimization_dag.py", line 3, in <module>
    from airflow.providers.standard.sensors.external_task import ExternalTaskSensor
ModuleNotFoundError: No module named 'airflow.providers.standard'
[2025-05-19T14:30:20.505+0000] {processor.py:770} WARNING - No viable dags retrieved from /opt/airflow/dags/minimization_dag.py
[2025-05-19T14:30:20.524+0000] {processor.py:178} INFO - Processing /opt/airflow/dags/minimization_dag.py took 0.032 seconds
[2025-05-19T14:30:51.537+0000] {processor.py:156} INFO - Started process (PID=881) to work on /opt/airflow/dags/minimization_dag.py
[2025-05-19T14:30:51.538+0000] {processor.py:758} INFO - Processing file /opt/airflow/dags/minimization_dag.py for tasks to queue
[2025-05-19T14:30:51.538+0000] {logging_mixin.py:117} INFO - [2025-05-19T14:30:51.538+0000] {dagbag.py:525} INFO - Filling up the DagBag from /opt/airflow/dags/minimization_dag.py
[2025-05-19T14:30:51.545+0000] {logging_mixin.py:117} INFO - [2025-05-19T14:30:51.544+0000] {dagbag.py:330} ERROR - Failed to import: /opt/airflow/dags/minimization_dag.py
Traceback (most recent call last):
  File "/home/airflow/.local/lib/python3.7/site-packages/airflow/models/dagbag.py", line 326, in parse
    loader.exec_module(new_module)
  File "<frozen importlib._bootstrap_external>", line 728, in exec_module
  File "<frozen importlib._bootstrap>", line 219, in _call_with_frames_removed
  File "/opt/airflow/dags/minimization_dag.py", line 3, in <module>
    from airflow.providers.standard.sensors.external_task import ExternalTaskSensor
ModuleNotFoundError: No module named 'airflow.providers.standard'
[2025-05-19T14:30:51.545+0000] {processor.py:770} WARNING - No viable dags retrieved from /opt/airflow/dags/minimization_dag.py
[2025-05-19T14:30:51.568+0000] {processor.py:178} INFO - Processing /opt/airflow/dags/minimization_dag.py took 0.039 seconds
[2025-05-19T14:31:22.115+0000] {processor.py:156} INFO - Started process (PID=918) to work on /opt/airflow/dags/minimization_dag.py
[2025-05-19T14:31:22.117+0000] {processor.py:758} INFO - Processing file /opt/airflow/dags/minimization_dag.py for tasks to queue
[2025-05-19T14:31:22.118+0000] {logging_mixin.py:117} INFO - [2025-05-19T14:31:22.118+0000] {dagbag.py:525} INFO - Filling up the DagBag from /opt/airflow/dags/minimization_dag.py
[2025-05-19T14:31:22.124+0000] {logging_mixin.py:117} INFO - [2025-05-19T14:31:22.124+0000] {dagbag.py:330} ERROR - Failed to import: /opt/airflow/dags/minimization_dag.py
Traceback (most recent call last):
  File "/home/airflow/.local/lib/python3.7/site-packages/airflow/models/dagbag.py", line 326, in parse
    loader.exec_module(new_module)
  File "<frozen importlib._bootstrap_external>", line 728, in exec_module
  File "<frozen importlib._bootstrap>", line 219, in _call_with_frames_removed
  File "/opt/airflow/dags/minimization_dag.py", line 3, in <module>
    from airflow.providers.standard.sensors.external_task import ExternalTaskSensor
ModuleNotFoundError: No module named 'airflow.providers.standard'
[2025-05-19T14:31:22.125+0000] {processor.py:770} WARNING - No viable dags retrieved from /opt/airflow/dags/minimization_dag.py
[2025-05-19T14:31:22.141+0000] {processor.py:178} INFO - Processing /opt/airflow/dags/minimization_dag.py took 0.029 seconds
[2025-05-19T14:31:52.882+0000] {processor.py:156} INFO - Started process (PID=955) to work on /opt/airflow/dags/minimization_dag.py
[2025-05-19T14:31:52.886+0000] {processor.py:758} INFO - Processing file /opt/airflow/dags/minimization_dag.py for tasks to queue
[2025-05-19T14:31:52.886+0000] {logging_mixin.py:117} INFO - [2025-05-19T14:31:52.886+0000] {dagbag.py:525} INFO - Filling up the DagBag from /opt/airflow/dags/minimization_dag.py
[2025-05-19T14:31:52.892+0000] {logging_mixin.py:117} INFO - [2025-05-19T14:31:52.891+0000] {dagbag.py:330} ERROR - Failed to import: /opt/airflow/dags/minimization_dag.py
Traceback (most recent call last):
  File "/home/airflow/.local/lib/python3.7/site-packages/airflow/models/dagbag.py", line 326, in parse
    loader.exec_module(new_module)
  File "<frozen importlib._bootstrap_external>", line 728, in exec_module
  File "<frozen importlib._bootstrap>", line 219, in _call_with_frames_removed
  File "/opt/airflow/dags/minimization_dag.py", line 3, in <module>
    from airflow.providers.standard.sensors.external_task import ExternalTaskSensor
ModuleNotFoundError: No module named 'airflow.providers.standard'
[2025-05-19T14:31:52.892+0000] {processor.py:770} WARNING - No viable dags retrieved from /opt/airflow/dags/minimization_dag.py
[2025-05-19T14:31:52.911+0000] {processor.py:178} INFO - Processing /opt/airflow/dags/minimization_dag.py took 0.036 seconds
[2025-05-19T14:32:23.584+0000] {processor.py:156} INFO - Started process (PID=992) to work on /opt/airflow/dags/minimization_dag.py
[2025-05-19T14:32:23.585+0000] {processor.py:758} INFO - Processing file /opt/airflow/dags/minimization_dag.py for tasks to queue
[2025-05-19T14:32:23.585+0000] {logging_mixin.py:117} INFO - [2025-05-19T14:32:23.585+0000] {dagbag.py:525} INFO - Filling up the DagBag from /opt/airflow/dags/minimization_dag.py
[2025-05-19T14:32:23.593+0000] {logging_mixin.py:117} INFO - [2025-05-19T14:32:23.592+0000] {dagbag.py:330} ERROR - Failed to import: /opt/airflow/dags/minimization_dag.py
Traceback (most recent call last):
  File "/home/airflow/.local/lib/python3.7/site-packages/airflow/models/dagbag.py", line 326, in parse
    loader.exec_module(new_module)
  File "<frozen importlib._bootstrap_external>", line 728, in exec_module
  File "<frozen importlib._bootstrap>", line 219, in _call_with_frames_removed
  File "/opt/airflow/dags/minimization_dag.py", line 3, in <module>
    from airflow.providers.standard.sensors.external_task import ExternalTaskSensor
ModuleNotFoundError: No module named 'airflow.providers.standard'
[2025-05-19T14:32:23.593+0000] {processor.py:770} WARNING - No viable dags retrieved from /opt/airflow/dags/minimization_dag.py
[2025-05-19T14:32:23.612+0000] {processor.py:178} INFO - Processing /opt/airflow/dags/minimization_dag.py took 0.038 seconds
[2025-05-19T14:32:54.219+0000] {processor.py:156} INFO - Started process (PID=1029) to work on /opt/airflow/dags/minimization_dag.py
[2025-05-19T14:32:54.223+0000] {processor.py:758} INFO - Processing file /opt/airflow/dags/minimization_dag.py for tasks to queue
[2025-05-19T14:32:54.224+0000] {logging_mixin.py:117} INFO - [2025-05-19T14:32:54.224+0000] {dagbag.py:525} INFO - Filling up the DagBag from /opt/airflow/dags/minimization_dag.py
[2025-05-19T14:32:54.229+0000] {logging_mixin.py:117} INFO - [2025-05-19T14:32:54.228+0000] {dagbag.py:330} ERROR - Failed to import: /opt/airflow/dags/minimization_dag.py
Traceback (most recent call last):
  File "/home/airflow/.local/lib/python3.7/site-packages/airflow/models/dagbag.py", line 326, in parse
    loader.exec_module(new_module)
  File "<frozen importlib._bootstrap_external>", line 728, in exec_module
  File "<frozen importlib._bootstrap>", line 219, in _call_with_frames_removed
  File "/opt/airflow/dags/minimization_dag.py", line 3, in <module>
    from airflow.providers.standard.sensors.external_task import ExternalTaskSensor
ModuleNotFoundError: No module named 'airflow.providers.standard'
[2025-05-19T14:32:54.229+0000] {processor.py:770} WARNING - No viable dags retrieved from /opt/airflow/dags/minimization_dag.py
[2025-05-19T14:32:54.251+0000] {processor.py:178} INFO - Processing /opt/airflow/dags/minimization_dag.py took 0.039 seconds
[2025-05-19T14:33:24.842+0000] {processor.py:156} INFO - Started process (PID=1066) to work on /opt/airflow/dags/minimization_dag.py
[2025-05-19T14:33:24.843+0000] {processor.py:758} INFO - Processing file /opt/airflow/dags/minimization_dag.py for tasks to queue
[2025-05-19T14:33:24.844+0000] {logging_mixin.py:117} INFO - [2025-05-19T14:33:24.844+0000] {dagbag.py:525} INFO - Filling up the DagBag from /opt/airflow/dags/minimization_dag.py
[2025-05-19T14:33:24.850+0000] {logging_mixin.py:117} INFO - [2025-05-19T14:33:24.849+0000] {dagbag.py:330} ERROR - Failed to import: /opt/airflow/dags/minimization_dag.py
Traceback (most recent call last):
  File "/home/airflow/.local/lib/python3.7/site-packages/airflow/models/dagbag.py", line 326, in parse
    loader.exec_module(new_module)
  File "<frozen importlib._bootstrap_external>", line 728, in exec_module
  File "<frozen importlib._bootstrap>", line 219, in _call_with_frames_removed
  File "/opt/airflow/dags/minimization_dag.py", line 3, in <module>
    from airflow.providers.standard.sensors.external_task import ExternalTaskSensor
ModuleNotFoundError: No module named 'airflow.providers.standard'
[2025-05-19T14:33:24.850+0000] {processor.py:770} WARNING - No viable dags retrieved from /opt/airflow/dags/minimization_dag.py
[2025-05-19T14:33:24.874+0000] {processor.py:178} INFO - Processing /opt/airflow/dags/minimization_dag.py took 0.037 seconds
[2025-05-19T14:33:55.417+0000] {processor.py:156} INFO - Started process (PID=1103) to work on /opt/airflow/dags/minimization_dag.py
[2025-05-19T14:33:55.418+0000] {processor.py:758} INFO - Processing file /opt/airflow/dags/minimization_dag.py for tasks to queue
[2025-05-19T14:33:55.419+0000] {logging_mixin.py:117} INFO - [2025-05-19T14:33:55.419+0000] {dagbag.py:525} INFO - Filling up the DagBag from /opt/airflow/dags/minimization_dag.py
[2025-05-19T14:33:55.428+0000] {logging_mixin.py:117} INFO - [2025-05-19T14:33:55.427+0000] {dagbag.py:330} ERROR - Failed to import: /opt/airflow/dags/minimization_dag.py
Traceback (most recent call last):
  File "/home/airflow/.local/lib/python3.7/site-packages/airflow/models/dagbag.py", line 326, in parse
    loader.exec_module(new_module)
  File "<frozen importlib._bootstrap_external>", line 728, in exec_module
  File "<frozen importlib._bootstrap>", line 219, in _call_with_frames_removed
  File "/opt/airflow/dags/minimization_dag.py", line 3, in <module>
    from airflow.providers.standard.sensors.external_task import ExternalTaskSensor
ModuleNotFoundError: No module named 'airflow.providers.standard'
[2025-05-19T14:33:55.428+0000] {processor.py:770} WARNING - No viable dags retrieved from /opt/airflow/dags/minimization_dag.py
[2025-05-19T14:33:55.445+0000] {processor.py:178} INFO - Processing /opt/airflow/dags/minimization_dag.py took 0.033 seconds
[2025-05-19T14:34:26.096+0000] {processor.py:156} INFO - Started process (PID=1140) to work on /opt/airflow/dags/minimization_dag.py
[2025-05-19T14:34:26.098+0000] {processor.py:758} INFO - Processing file /opt/airflow/dags/minimization_dag.py for tasks to queue
[2025-05-19T14:34:26.098+0000] {logging_mixin.py:117} INFO - [2025-05-19T14:34:26.098+0000] {dagbag.py:525} INFO - Filling up the DagBag from /opt/airflow/dags/minimization_dag.py
[2025-05-19T14:34:26.108+0000] {logging_mixin.py:117} INFO - [2025-05-19T14:34:26.107+0000] {dagbag.py:330} ERROR - Failed to import: /opt/airflow/dags/minimization_dag.py
Traceback (most recent call last):
  File "/home/airflow/.local/lib/python3.7/site-packages/airflow/models/dagbag.py", line 326, in parse
    loader.exec_module(new_module)
  File "<frozen importlib._bootstrap_external>", line 728, in exec_module
  File "<frozen importlib._bootstrap>", line 219, in _call_with_frames_removed
  File "/opt/airflow/dags/minimization_dag.py", line 3, in <module>
    from airflow.providers.standard.sensors.external_task import ExternalTaskSensor
ModuleNotFoundError: No module named 'airflow.providers.standard'
[2025-05-19T14:34:26.108+0000] {processor.py:770} WARNING - No viable dags retrieved from /opt/airflow/dags/minimization_dag.py
[2025-05-19T14:34:26.135+0000] {processor.py:178} INFO - Processing /opt/airflow/dags/minimization_dag.py took 0.045 seconds
[2025-05-19T14:34:56.554+0000] {processor.py:156} INFO - Started process (PID=1177) to work on /opt/airflow/dags/minimization_dag.py
[2025-05-19T14:34:56.556+0000] {processor.py:758} INFO - Processing file /opt/airflow/dags/minimization_dag.py for tasks to queue
[2025-05-19T14:34:56.556+0000] {logging_mixin.py:117} INFO - [2025-05-19T14:34:56.556+0000] {dagbag.py:525} INFO - Filling up the DagBag from /opt/airflow/dags/minimization_dag.py
[2025-05-19T14:34:56.562+0000] {logging_mixin.py:117} INFO - [2025-05-19T14:34:56.561+0000] {dagbag.py:330} ERROR - Failed to import: /opt/airflow/dags/minimization_dag.py
Traceback (most recent call last):
  File "/home/airflow/.local/lib/python3.7/site-packages/airflow/models/dagbag.py", line 326, in parse
    loader.exec_module(new_module)
  File "<frozen importlib._bootstrap_external>", line 728, in exec_module
  File "<frozen importlib._bootstrap>", line 219, in _call_with_frames_removed
  File "/opt/airflow/dags/minimization_dag.py", line 3, in <module>
    from airflow.providers.standard.sensors.external_task import ExternalTaskSensor
ModuleNotFoundError: No module named 'airflow.providers.standard'
[2025-05-19T14:34:56.562+0000] {processor.py:770} WARNING - No viable dags retrieved from /opt/airflow/dags/minimization_dag.py
[2025-05-19T14:34:56.583+0000] {processor.py:178} INFO - Processing /opt/airflow/dags/minimization_dag.py took 0.033 seconds
[2025-05-19T14:35:27.223+0000] {processor.py:156} INFO - Started process (PID=1214) to work on /opt/airflow/dags/minimization_dag.py
[2025-05-19T14:35:27.234+0000] {processor.py:758} INFO - Processing file /opt/airflow/dags/minimization_dag.py for tasks to queue
[2025-05-19T14:35:27.234+0000] {logging_mixin.py:117} INFO - [2025-05-19T14:35:27.234+0000] {dagbag.py:525} INFO - Filling up the DagBag from /opt/airflow/dags/minimization_dag.py
[2025-05-19T14:35:27.246+0000] {logging_mixin.py:117} INFO - [2025-05-19T14:35:27.244+0000] {dagbag.py:330} ERROR - Failed to import: /opt/airflow/dags/minimization_dag.py
Traceback (most recent call last):
  File "/home/airflow/.local/lib/python3.7/site-packages/airflow/models/dagbag.py", line 326, in parse
    loader.exec_module(new_module)
  File "<frozen importlib._bootstrap_external>", line 728, in exec_module
  File "<frozen importlib._bootstrap>", line 219, in _call_with_frames_removed
  File "/opt/airflow/dags/minimization_dag.py", line 3, in <module>
    from airflow.providers.standard.sensors.external_task import ExternalTaskSensor
ModuleNotFoundError: No module named 'airflow.providers.standard'
[2025-05-19T14:35:27.247+0000] {processor.py:770} WARNING - No viable dags retrieved from /opt/airflow/dags/minimization_dag.py
[2025-05-19T14:35:27.280+0000] {processor.py:178} INFO - Processing /opt/airflow/dags/minimization_dag.py took 0.060 seconds
[2025-05-19T14:35:57.832+0000] {processor.py:156} INFO - Started process (PID=1251) to work on /opt/airflow/dags/minimization_dag.py
[2025-05-19T14:35:57.837+0000] {processor.py:758} INFO - Processing file /opt/airflow/dags/minimization_dag.py for tasks to queue
[2025-05-19T14:35:57.838+0000] {logging_mixin.py:117} INFO - [2025-05-19T14:35:57.837+0000] {dagbag.py:525} INFO - Filling up the DagBag from /opt/airflow/dags/minimization_dag.py
[2025-05-19T14:35:57.848+0000] {logging_mixin.py:117} INFO - [2025-05-19T14:35:57.847+0000] {dagbag.py:330} ERROR - Failed to import: /opt/airflow/dags/minimization_dag.py
Traceback (most recent call last):
  File "/home/airflow/.local/lib/python3.7/site-packages/airflow/models/dagbag.py", line 326, in parse
    loader.exec_module(new_module)
  File "<frozen importlib._bootstrap_external>", line 728, in exec_module
  File "<frozen importlib._bootstrap>", line 219, in _call_with_frames_removed
  File "/opt/airflow/dags/minimization_dag.py", line 3, in <module>
    from airflow.providers.standard.sensors.external_task import ExternalTaskSensor
ModuleNotFoundError: No module named 'airflow.providers.standard'
[2025-05-19T14:35:57.849+0000] {processor.py:770} WARNING - No viable dags retrieved from /opt/airflow/dags/minimization_dag.py
[2025-05-19T14:35:57.865+0000] {processor.py:178} INFO - Processing /opt/airflow/dags/minimization_dag.py took 0.036 seconds
[2025-05-19T14:36:28.460+0000] {processor.py:156} INFO - Started process (PID=1288) to work on /opt/airflow/dags/minimization_dag.py
[2025-05-19T14:36:28.470+0000] {processor.py:758} INFO - Processing file /opt/airflow/dags/minimization_dag.py for tasks to queue
[2025-05-19T14:36:28.471+0000] {logging_mixin.py:117} INFO - [2025-05-19T14:36:28.471+0000] {dagbag.py:525} INFO - Filling up the DagBag from /opt/airflow/dags/minimization_dag.py
[2025-05-19T14:36:28.478+0000] {logging_mixin.py:117} INFO - [2025-05-19T14:36:28.477+0000] {dagbag.py:330} ERROR - Failed to import: /opt/airflow/dags/minimization_dag.py
Traceback (most recent call last):
  File "/home/airflow/.local/lib/python3.7/site-packages/airflow/models/dagbag.py", line 326, in parse
    loader.exec_module(new_module)
  File "<frozen importlib._bootstrap_external>", line 728, in exec_module
  File "<frozen importlib._bootstrap>", line 219, in _call_with_frames_removed
  File "/opt/airflow/dags/minimization_dag.py", line 3, in <module>
    from airflow.providers.standard.sensors.external_task import ExternalTaskSensor
ModuleNotFoundError: No module named 'airflow.providers.standard'
[2025-05-19T14:36:28.478+0000] {processor.py:770} WARNING - No viable dags retrieved from /opt/airflow/dags/minimization_dag.py
[2025-05-19T14:36:28.503+0000] {processor.py:178} INFO - Processing /opt/airflow/dags/minimization_dag.py took 0.048 seconds
[2025-05-19T14:42:07.544+0000] {processor.py:156} INFO - Started process (PID=184) to work on /opt/airflow/dags/minimization_dag.py
[2025-05-19T14:42:07.546+0000] {processor.py:758} INFO - Processing file /opt/airflow/dags/minimization_dag.py for tasks to queue
[2025-05-19T14:42:07.547+0000] {logging_mixin.py:117} INFO - [2025-05-19T14:42:07.546+0000] {dagbag.py:525} INFO - Filling up the DagBag from /opt/airflow/dags/minimization_dag.py
[2025-05-19T14:42:07.557+0000] {logging_mixin.py:117} INFO - [2025-05-19T14:42:07.557+0000] {dagbag.py:330} ERROR - Failed to import: /opt/airflow/dags/minimization_dag.py
Traceback (most recent call last):
  File "/home/airflow/.local/lib/python3.7/site-packages/airflow/models/dagbag.py", line 326, in parse
    loader.exec_module(new_module)
  File "<frozen importlib._bootstrap_external>", line 728, in exec_module
  File "<frozen importlib._bootstrap>", line 219, in _call_with_frames_removed
  File "/opt/airflow/dags/minimization_dag.py", line 3, in <module>
    from airflow.providers.standard.sensors.external_task import ExternalTaskSensor
ModuleNotFoundError: No module named 'airflow.providers.standard'
[2025-05-19T14:42:07.558+0000] {processor.py:770} WARNING - No viable dags retrieved from /opt/airflow/dags/minimization_dag.py
[2025-05-19T14:42:07.574+0000] {processor.py:178} INFO - Processing /opt/airflow/dags/minimization_dag.py took 0.032 seconds
[2025-05-19T14:42:38.102+0000] {processor.py:156} INFO - Started process (PID=222) to work on /opt/airflow/dags/minimization_dag.py
[2025-05-19T14:42:38.103+0000] {processor.py:758} INFO - Processing file /opt/airflow/dags/minimization_dag.py for tasks to queue
[2025-05-19T14:42:38.104+0000] {logging_mixin.py:117} INFO - [2025-05-19T14:42:38.104+0000] {dagbag.py:525} INFO - Filling up the DagBag from /opt/airflow/dags/minimization_dag.py
[2025-05-19T14:42:38.114+0000] {logging_mixin.py:117} INFO - [2025-05-19T14:42:38.113+0000] {dagbag.py:330} ERROR - Failed to import: /opt/airflow/dags/minimization_dag.py
Traceback (most recent call last):
  File "/home/airflow/.local/lib/python3.7/site-packages/airflow/models/dagbag.py", line 326, in parse
    loader.exec_module(new_module)
  File "<frozen importlib._bootstrap_external>", line 728, in exec_module
  File "<frozen importlib._bootstrap>", line 219, in _call_with_frames_removed
  File "/opt/airflow/dags/minimization_dag.py", line 3, in <module>
    from airflow.providers.standard.sensors.external_task import ExternalTaskSensor
ModuleNotFoundError: No module named 'airflow.providers.standard'
[2025-05-19T14:42:38.114+0000] {processor.py:770} WARNING - No viable dags retrieved from /opt/airflow/dags/minimization_dag.py
[2025-05-19T14:42:38.134+0000] {processor.py:178} INFO - Processing /opt/airflow/dags/minimization_dag.py took 0.042 seconds
[2025-05-19T14:43:08.752+0000] {processor.py:156} INFO - Started process (PID=260) to work on /opt/airflow/dags/minimization_dag.py
[2025-05-19T14:43:08.754+0000] {processor.py:758} INFO - Processing file /opt/airflow/dags/minimization_dag.py for tasks to queue
[2025-05-19T14:43:08.755+0000] {logging_mixin.py:117} INFO - [2025-05-19T14:43:08.755+0000] {dagbag.py:525} INFO - Filling up the DagBag from /opt/airflow/dags/minimization_dag.py
[2025-05-19T14:43:08.766+0000] {logging_mixin.py:117} INFO - [2025-05-19T14:43:08.765+0000] {dagbag.py:330} ERROR - Failed to import: /opt/airflow/dags/minimization_dag.py
Traceback (most recent call last):
  File "/home/airflow/.local/lib/python3.7/site-packages/airflow/models/dagbag.py", line 326, in parse
    loader.exec_module(new_module)
  File "<frozen importlib._bootstrap_external>", line 728, in exec_module
  File "<frozen importlib._bootstrap>", line 219, in _call_with_frames_removed
  File "/opt/airflow/dags/minimization_dag.py", line 3, in <module>
    from airflow.providers.standard.sensors.external_task import ExternalTaskSensor
ModuleNotFoundError: No module named 'airflow.providers.standard'
[2025-05-19T14:43:08.767+0000] {processor.py:770} WARNING - No viable dags retrieved from /opt/airflow/dags/minimization_dag.py
[2025-05-19T14:43:08.789+0000] {processor.py:178} INFO - Processing /opt/airflow/dags/minimization_dag.py took 0.043 seconds
[2025-05-19T14:43:39.856+0000] {processor.py:156} INFO - Started process (PID=297) to work on /opt/airflow/dags/minimization_dag.py
[2025-05-19T14:43:39.858+0000] {processor.py:758} INFO - Processing file /opt/airflow/dags/minimization_dag.py for tasks to queue
[2025-05-19T14:43:39.859+0000] {logging_mixin.py:117} INFO - [2025-05-19T14:43:39.859+0000] {dagbag.py:525} INFO - Filling up the DagBag from /opt/airflow/dags/minimization_dag.py
[2025-05-19T14:43:39.868+0000] {logging_mixin.py:117} INFO - [2025-05-19T14:43:39.867+0000] {dagbag.py:330} ERROR - Failed to import: /opt/airflow/dags/minimization_dag.py
Traceback (most recent call last):
  File "/home/airflow/.local/lib/python3.7/site-packages/airflow/models/dagbag.py", line 326, in parse
    loader.exec_module(new_module)
  File "<frozen importlib._bootstrap_external>", line 728, in exec_module
  File "<frozen importlib._bootstrap>", line 219, in _call_with_frames_removed
  File "/opt/airflow/dags/minimization_dag.py", line 3, in <module>
    from airflow.providers.standard.sensors.external_task import ExternalTaskSensor
ModuleNotFoundError: No module named 'airflow.providers.standard'
[2025-05-19T14:43:39.868+0000] {processor.py:770} WARNING - No viable dags retrieved from /opt/airflow/dags/minimization_dag.py
[2025-05-19T14:43:39.890+0000] {processor.py:178} INFO - Processing /opt/airflow/dags/minimization_dag.py took 0.037 seconds
[2025-05-19T14:44:10.284+0000] {processor.py:156} INFO - Started process (PID=334) to work on /opt/airflow/dags/minimization_dag.py
[2025-05-19T14:44:10.287+0000] {processor.py:758} INFO - Processing file /opt/airflow/dags/minimization_dag.py for tasks to queue
[2025-05-19T14:44:10.288+0000] {logging_mixin.py:117} INFO - [2025-05-19T14:44:10.288+0000] {dagbag.py:525} INFO - Filling up the DagBag from /opt/airflow/dags/minimization_dag.py
[2025-05-19T14:44:10.293+0000] {logging_mixin.py:117} INFO - [2025-05-19T14:44:10.292+0000] {dagbag.py:330} ERROR - Failed to import: /opt/airflow/dags/minimization_dag.py
Traceback (most recent call last):
  File "/home/airflow/.local/lib/python3.7/site-packages/airflow/models/dagbag.py", line 326, in parse
    loader.exec_module(new_module)
  File "<frozen importlib._bootstrap_external>", line 728, in exec_module
  File "<frozen importlib._bootstrap>", line 219, in _call_with_frames_removed
  File "/opt/airflow/dags/minimization_dag.py", line 3, in <module>
    from airflow.providers.standard.sensors.external_task import ExternalTaskSensor
ModuleNotFoundError: No module named 'airflow.providers.standard'
[2025-05-19T14:44:10.293+0000] {processor.py:770} WARNING - No viable dags retrieved from /opt/airflow/dags/minimization_dag.py
[2025-05-19T14:44:10.312+0000] {processor.py:178} INFO - Processing /opt/airflow/dags/minimization_dag.py took 0.031 seconds
[2025-05-19T14:44:40.891+0000] {processor.py:156} INFO - Started process (PID=371) to work on /opt/airflow/dags/minimization_dag.py
[2025-05-19T14:44:40.905+0000] {processor.py:758} INFO - Processing file /opt/airflow/dags/minimization_dag.py for tasks to queue
[2025-05-19T14:44:40.906+0000] {logging_mixin.py:117} INFO - [2025-05-19T14:44:40.906+0000] {dagbag.py:525} INFO - Filling up the DagBag from /opt/airflow/dags/minimization_dag.py
[2025-05-19T14:44:40.911+0000] {logging_mixin.py:117} INFO - [2025-05-19T14:44:40.911+0000] {dagbag.py:330} ERROR - Failed to import: /opt/airflow/dags/minimization_dag.py
Traceback (most recent call last):
  File "/home/airflow/.local/lib/python3.7/site-packages/airflow/models/dagbag.py", line 326, in parse
    loader.exec_module(new_module)
  File "<frozen importlib._bootstrap_external>", line 728, in exec_module
  File "<frozen importlib._bootstrap>", line 219, in _call_with_frames_removed
  File "/opt/airflow/dags/minimization_dag.py", line 3, in <module>
    from airflow.providers.standard.sensors.external_task import ExternalTaskSensor
ModuleNotFoundError: No module named 'airflow.providers.standard'
[2025-05-19T14:44:40.912+0000] {processor.py:770} WARNING - No viable dags retrieved from /opt/airflow/dags/minimization_dag.py
[2025-05-19T14:44:40.941+0000] {processor.py:178} INFO - Processing /opt/airflow/dags/minimization_dag.py took 0.052 seconds
